name,m_fuse,p_fuse,m_model,p_model,auprc
Davis_ProtBert-BFD_pebchem10m,True,True,True,True,0.8130632042884827
Davis_ProtBert-BFD_roberta,True,True,True,True,0.8194348812103271
Davis_ProtBert-BFD_pebchem10m,True,True,False,False,0.8045211434364319
Davis_ProtBert-BFD_roberta,True,True,False,False,0.8047933578491211
Davis_ProtBert-BFD_pebchem10m,False,False,True,True,0.8302857875823975
Davis_ProtBert-BFD_roberta,False,False,True,True,0.817982017993927
Davis_ProtBert-BFD_roberta,True,True,False,True,0.8280625343322754
Davis_ProtBert-BFD_pebchem10m,True,True,False,True,0.837607741355896
Davis_ProtBert-BFD_roberta,True,True,True,False,0.8021055459976196
Davis_ProtBert-BFD_pebchem10m,True,True,True,False,0.7968403100967407
Davis_ProtBert-BFD_roberta,False,True,True,True,0.8127410411834717
Davis_ProtBert-BFD_pebchem10m,False,True,True,True,0.8284717202186584
Davis_ProtBert-BFD_roberta,True,False,True,True,0.833696722984314
Davis_ProtBert-BFD_pebchem10m,True,False,True,True,0.8296065330505371
Davis_ProtBert-BFD_chemberta,True,True,True,True,0.8209933042526245
Davis_ProtBert-BFD_roberta,True,True,True,True,0.8046160340309143
Davis_ProtBert-BFD_pebchem10m,True,True,True,True,0.8067915439605713
Davis_ProtBert-BFD_roberta,True,True,False,False,0.7780208587646484
Davis_ProtBert-BFD_chemberta,True,True,False,False,0.8037169575691223
Davis_ProtBert-BFD_pebchem10m,True,True,False,False,0.7845538258552551
Davis_ProtBert-BFD_roberta,False,False,True,True,0.8029398322105408
Davis_ProtBert-BFD_pebchem10m,False,False,True,True,0.8098633885383606
Davis_ProtBert-BFD_chemberta,False,False,True,True,0.8253698348999023
Davis_ProtBert-BFD_roberta,True,True,False,True,0.8208160996437073
Davis_ProtBert-BFD_pebchem10m,True,True,False,True,0.8149109482765198
Davis_ProtBert-BFD_chemberta,True,True,False,True,0.8277418613433838
Davis_ProtBert-BFD_roberta,True,True,True,False,0.7846779823303223
Davis_ProtBert-BFD_pebchem10m,True,True,True,False,0.7908132672309875
Davis_ProtBert-BFD_chemberta,True,True,True,False,0.800282895565033
Davis_ProtBert-BFD_roberta,False,True,True,True,0.8198615908622742
Davis_ProtBert-BFD_pebchem10m,False,True,True,True,0.8144123554229736
Davis_ProtBert-BFD_chemberta,False,True,True,True,0.8167202472686768
Davis_ProtBertT5-xl_roberta,True,True,True,True,0.8317736983299255
Davis_ProtBert-BFD_roberta,True,False,True,True,0.8100192546844482
Davis_ProtBert-BFD_chemberta,True,False,True,True,0.8043534755706787
Davis_ProtBert-BFD_pebchem10m,True,False,True,True,0.8087009191513062
Davis_ProtBertT5-xl_roberta,True,True,False,False,0.8082432746887207
Davis_ProtBert-BFD_pebchem10m,True,True,True,True,0.8214759230613708
Davis_ProtBert-BFD_roberta,True,True,True,True,0.8257947564125061
Davis_ProtBert-BFD_chemberta,True,True,True,True,0.817986786365509
Davis_ProtBertT5-xl_roberta,False,False,True,True,0.8272261023521423
Davis_ProtBert-BFD_roberta,True,True,False,False,0.7909819483757019
Davis_ProtBert-BFD_pebchem10m,True,True,False,False,0.7890707850456238
Davis_ProtBertT5-xl_roberta,True,True,False,True,0.840057373046875
Davis_ProtBert-BFD_chemberta,True,True,False,False,0.7984764575958252
Davis_ProtBertT5-xl_pebchem10m,True,True,True,True,0.8386517763137817
Davis_ProtBert-BFD_roberta,False,False,True,True,0.8095505237579346
Davis_ProtBert-BFD_pebchem10m,False,False,True,True,0.8037305474281311
Davis_ProtBertT5-xl_roberta,True,True,True,False,0.8151915073394775
Davis_ProtBert-BFD_chemberta,False,False,True,True,0.8049616813659668
Davis_ProtBertT5-xl_pebchem10m,True,True,False,False,0.8314315676689148
Davis_ProtBert-BFD_roberta,True,True,False,True,0.8279183506965637
Davis_ProtBertT5-xl_roberta,False,True,True,True,0.823124349117279
Davis_ProtBert-BFD_pebchem10m,True,True,False,True,0.8251492381095886
Davis_ProtBert-BFD_chemberta,True,True,False,True,0.8187655806541443
Davis_ProtBertT5-xl_pebchem10m,False,False,True,True,0.829193115234375
Davis_ProtBertT5-xl_roberta,True,False,True,True,0.8253053426742554
Davis_ProtBert-BFD_roberta,True,True,True,False,0.784917950630188
Davis_ProtBert-BFD_chemberta,True,True,True,False,0.7862855792045593
Davis_ProtBert-BFD_pebchem10m,True,True,True,False,0.7941516041755676
Davis_ProtBertT5-xl_roberta,True,True,True,True,0.8110583424568176
Davis_ProtBertT5-xl_pebchem10m,True,True,False,True,0.8368833065032959
Davis_ProtBert-BFD_roberta,False,True,True,True,0.8283316493034363
Davis_ProtBert-BFD_chemberta,False,True,True,True,0.7981785535812378
Davis_ProtBertT5-xl_pebchem10m,True,True,True,False,0.8151639103889465
Davis_ProtBertT5-xl_roberta,True,True,False,False,0.8026225566864014
Davis_ProtBert-BFD_pebchem10m,False,True,True,True,0.8291988968849182
Davis_ProtBert-BFD_chemberta,True,False,True,True,0.8014598488807678
Davis_ProtBertT5-xl_pebchem10m,False,True,True,True,0.8350525498390198
Davis_ProtBertT5-xl_roberta,False,False,True,True,0.8117396235466003
Davis_ProtBert-BFD_roberta,True,False,True,True,0.8277466297149658
Davis_ProtBert-BFD_pebchem10m,True,False,True,True,0.8195664286613464
Davis_ProtBert-BFD_roberta,True,True,True,True,0.7936802506446838
Davis_ProtBertT5-xl_roberta,True,True,False,True,0.8142068982124329
Davis_ProtBertT5-xl_pebchem10m,True,False,True,True,0.8318142890930176
Davis_ProtBert-BFD_chemberta,True,True,True,True,0.8255103230476379
Davis_ProtBert-BFD_pebchem10m,True,True,True,True,0.8065850734710693
Davis_ProtBertT5-xl_roberta,True,True,True,False,0.7870937585830688
Davis_ProtBert-BFD_roberta,True,True,False,False,0.7774526476860046
Davis_ProtBertT5-xl_pebchem10m,True,True,True,True,0.8243620991706848
Davis_ProtBert-BFD_chemberta,True,True,False,False,0.794220507144928
Davis_ProtBert-BFD_pebchem10m,True,True,False,False,0.7766456007957458
Davis_ProtBertT5-xl_roberta,False,True,True,True,0.8240523338317871
Davis_ProtBert-BFD_roberta,False,False,True,True,0.810695469379425
Davis_ProtBertT5-xl_pebchem10m,True,True,False,False,0.8078230619430542
Davis_ProtBert-BFD_roberta,True,True,False,True,0.7844982743263245
Davis_ProtBert-BFD_pebchem10m,False,False,True,True,0.8116856217384338
Davis_ProtBertT5-xl_roberta,True,False,True,True,0.8130475878715515
Davis_ProtBert-BFD_chemberta,False,False,True,True,0.8135111927986145
Davis_ProtBertT5-xl_pebchem10m,False,False,True,True,0.8042660355567932
Davis_ProtBert-BFD_pebchem10m,True,True,False,True,0.803244948387146
Davis_ProtBert-BFD_chemberta,True,True,False,True,0.8069827556610107
Davis_ProtBert-BFD_roberta,True,True,True,False,0.7883015275001526
Davis_ProtBertT5-xl_roberta,True,True,True,True,0.8270320892333984
Davis_ProtBertT5-xl_pebchem10m,True,True,False,True,0.8238626718521118
Davis_ProtBert-BFD_pebchem10m,True,True,True,False,0.770512044429779
Davis_ProtBert-BFD_roberta,False,True,True,True,0.8055422306060791
Davis_ProtBert-BFD_chemberta,True,True,True,False,0.781679093837738
Davis_ProtBertT5-xl_pebchem10m,True,True,True,False,0.7915272116661072
Davis_ProtBert-BFD_pebchem10m,False,True,True,True,0.7858650088310242
Davis_ProtBertT5-xl_roberta,True,True,False,False,0.8201670050621033
Davis_ProtBertT5-xl_pebchem10m,False,True,True,True,0.8131199479103088
Davis_ProtBert-BFD_pebchem10m,True,False,True,True,0.8151071667671204
Davis_ProtBert-BFD_roberta,True,False,True,True,0.8178615570068359
Davis_ESM-1B_pebchem10m,True,True,True,True,0.8368455171585083
Davis_ProtBert-BFD_chemberta,False,True,True,True,0.826511561870575
Davis_ProtBertT5-xl_pebchem10m,True,False,True,True,0.8206673264503479
Davis_ProtBertT5-xl_roberta,False,False,True,True,0.8252407312393188
Davis_ProtBert-BFD_roberta,True,True,True,True,0.8095791935920715
Davis_ProtBert-BFD_pebchem10m,True,True,True,True,0.8147455453872681
Davis_ESM-1B_pebchem10m,True,True,False,False,0.8326522707939148
Davis_ProtBertT5-xl_pebchem10m,True,True,True,True,0.8226560354232788
Davis_ProtBert-BFD_chemberta,True,False,True,True,0.8174831867218018
Davis_ProtBertT5-xl_roberta,True,True,False,True,0.8224956393241882
Davis_ProtBert-BFD_roberta,True,True,False,False,0.7833577394485474
Davis_ProtBertT5-xl_chemberta,True,True,True,True,0.8169934153556824
Davis_ProtBert-BFD_pebchem10m,True,True,False,False,0.7932398915290833
Davis_ESM-1B_pebchem10m,False,False,True,True,0.7941939234733582
Davis_ProtBert-BFD_chemberta,True,True,True,True,0.8059179186820984
Davis_ProtBert-BFD_roberta,False,False,True,True,0.7934447526931763
Davis_ProtBertT5-xl_pebchem10m,True,True,False,False,0.8215294480323792
Davis_ProtBertT5-xl_roberta,True,True,True,False,0.8211107850074768
Davis_ProtBertT5-xl_chemberta,True,True,False,False,0.8246090412139893
Davis_ProtBert-BFD_chemberta,True,True,False,False,0.7786017656326294
Davis_ProtBert-BFD_roberta,True,True,False,True,0.8017393350601196
Davis_ProtBertT5-xl_pebchem10m,False,False,True,True,0.8147111535072327
Davis_ProtBert-BFD_pebchem10m,False,False,True,True,0.8092681169509888
Davis_ESM-1B_pebchem10m,True,True,False,True,0.8416690230369568
Davis_ProtBertT5-xl_chemberta,False,False,True,True,0.8167357444763184
Davis_ProtBert-BFD_chemberta,False,False,True,True,0.7903128266334534
Davis_ProtBertT5-xl_roberta,False,True,True,True,0.8286232948303223
Davis_ProtBertT5-xl_pebchem10m,True,True,False,True,0.8295311331748962
Davis_ProtBert-BFD_pebchem10m,True,True,False,True,0.8174216151237488
Davis_ProtBert-BFD_roberta,True,True,True,False,0.795677125453949
Davis_ESM-1B_pebchem10m,True,True,True,False,0.8346747756004333
Davis_ProtBertT5-xl_chemberta,True,True,False,True,0.8394539952278137
Davis_ProtBert-BFD_chemberta,True,True,False,True,0.809996485710144
Davis_ESM-1B_roberta,True,True,True,True,0.8340866565704346
Davis_ProtBertT5-xl_pebchem10m,True,True,True,False,0.81768399477005
Davis_ProtBertT5-xl_roberta,True,False,True,True,0.8316091299057007
Davis_ProtBert-BFD_roberta,False,True,True,True,0.8004502654075623
Davis_ProtBert-BFD_pebchem10m,True,True,True,False,0.7940028309822083
Davis_ESM-1B_pebchem10m,False,True,True,True,0.8319094181060791
Davis_ProtBertT5-xl_chemberta,True,True,True,False,0.8113417625427246
Davis_ESM-1B_roberta,True,True,False,False,0.8338125348091125
Davis_ProtBert-BFD_chemberta,True,True,True,False,0.78664231300354
Davis_ProtBertT5-xl_roberta,True,True,True,True,0.8106859922409058
Davis_ESM-1B_chemberta,True,True,True,True,0.8430328965187073
Davis_ProtBertT5-xl_pebchem10m,False,True,True,True,0.8325368762016296
Davis_ProtBert-BFD_chemberta,False,True,True,True,0.7986986041069031
Davis_ESM2_chemberta,True,True,True,True,0.8027503490447998
Davis_ProtBertT5-xl_chemberta,False,True,True,True,0.8253540396690369
Davis_ESM-1B_pebchem10m,True,False,True,True,0.7867963314056396
Davis_ProtBert-BFD_roberta,True,False,True,True,0.8112975358963013
Davis_ESM2_pebchem10m,True,True,True,True,0.7793760299682617
Davis_ProtBert-BFD_pebchem10m,False,True,True,True,0.8243738412857056
Davis_ProtBertT5-xl_roberta,True,True,False,False,0.7977654933929443
Davis_ProtBertT5-xl_pebchem10m,True,False,True,True,0.8302761912345886
Davis_ESM-1B_roberta,False,False,True,True,0.7910537123680115
Davis_ESM2_roberta,True,True,True,True,0.8100143074989319
Davis_ESM-1B_chemberta,True,True,False,False,0.8444218635559082
Davis_ProtBertT5-xl_chemberta,True,False,True,True,0.8141409158706665
Davis_ESM-1B_pebchem10m,True,True,True,True,0.7978600263595581
Davis_ProtBert-BFD_chemberta,True,False,True,True,0.80787593126297
Davis_ESM2_chemberta,True,True,False,False,0.8042430281639099
Davis_ProtBertT5-xl_roberta,False,False,True,True,0.7936662435531616
Davis_ProtBert-BFD_roberta,True,True,True,True,0.8255481123924255
Davis_ESM-1B_roberta,True,True,False,True,0.8165754675865173
Davis_ProtBertT5-xl_chemberta,True,True,True,True,0.8034296631813049
Davis_ProtBertT5-xl_pebchem10m,True,True,True,True,0.8244040012359619
Davis_ESM-1B_pebchem10m,True,True,False,False,0.8206626772880554
Davis_ESM3_pebchem10m,True,True,True,True,0.8095877170562744
Davis_ProtBert-BFD_pebchem10m,True,False,True,True,0.8120604157447815
Davis_ESM2_pebchem10m,True,True,False,False,0.8167946934700012
Davis_ESM2_roberta,True,True,False,False,0.8100870251655579
Davis_ProtBertT5-xl_roberta,True,True,False,True,0.8049896955490112
Davis_ESM-1B_chemberta,False,False,True,True,0.794864296913147
Davis_ESM2_chemberta,False,False,True,True,0.7835192680358887
Davis_ProtBert-BFD_roberta,True,True,False,False,0.7979833483695984
Davis_ESM-1B_roberta,True,True,True,False,0.8284816145896912
Davis_ProtBertT5-xl_pebchem10m,True,True,False,False,0.7935881614685059
Davis_ProtBert-BFD_chemberta,True,True,True,True,0.8125335574150085
Davis_ESM-1B_pebchem10m,False,False,True,True,0.7524181008338928
Davis_ProtBertT5-xl_chemberta,True,True,False,False,0.7956919074058533
Davis_ProtBert-BFD_pebchem10m,True,True,True,True,0.818219006061554
Davis_ESM3_pebchem10m,True,True,False,False,0.8118441104888916
Davis_ProtBertT5-xl_roberta,True,True,True,False,0.791485607624054
Davis_ESM2_chemberta,True,True,False,True,0.8001170754432678
Davis_ESM2_pebchem10m,False,False,True,True,0.8040679693222046
Davis_ESM-1B_roberta,False,True,True,True,0.8290846347808838
Davis_ESM2_roberta,False,False,True,True,0.804509162902832
Davis_ProtBertT5-xl_pebchem10m,False,False,True,True,0.8169150948524475
Davis_ProtBert-BFD_roberta,False,False,True,True,0.8318803310394287
Davis_ProtBertT5-xl_chemberta,False,False,True,True,0.8136453032493591
Davis_ProtBertT5-xl_roberta,False,True,True,True,0.7919749617576599
Davis_ESM-1B_chemberta,True,True,False,True,0.8399319648742676
Davis_ProtBert-BFD_pebchem10m,True,True,False,False,0.7977519035339355
Davis_ESM3_pebchem10m,False,False,True,True,0.8073030114173889
Davis_ESM-1B_pebchem10m,True,True,False,True,0.8263195157051086
Davis_ProtBert-BFD_chemberta,True,True,False,False,0.7963775396347046
Davis_ProtBertT5-xl_pebchem10m,True,True,False,True,0.8017522692680359
Davis_ESM2_chemberta,True,True,True,False,0.7953742146492004
Davis_ProtBertT5-xl_chemberta,True,True,False,True,0.8010243773460388
Davis_ESM2_pebchem10m,True,True,False,True,0.8050345182418823
Davis_ProtBertT5-xl_roberta,True,False,True,True,0.8069285154342651
Davis_ESM2_roberta,True,True,False,True,0.8134927749633789
Davis_ProtBert-BFD_roberta,True,True,False,True,0.8290245532989502
Davis_ESM-1B_roberta,True,False,True,True,0.8033460974693298
Davis_ProtBertT5-xl_pebchem10m,True,True,True,False,0.7909089922904968
Davis_ProtBert-BFD_chemberta,False,False,True,True,0.7998642921447754
Davis_ESM-1B_chemberta,True,True,True,False,0.8331628441810608
Davis_ESM2_chemberta,False,True,True,True,0.7992199659347534
Davis_ProtBert-BFD_pebchem10m,False,False,True,True,0.8304128646850586
Davis_ESM3_pebchem10m,True,True,False,True,0.8253774046897888
Davis_ESM-1B_pebchem10m,True,True,True,False,0.8321965932846069
Davis_ESM2_pebchem10m,True,True,True,False,0.7970945239067078
Davis_ProtBertT5-xl_chemberta,True,True,True,False,0.7981709241867065
Davis_ProtBertT5-xl_roberta,True,True,True,True,0.8243406414985657
Davis_ProtBert-BFD_roberta,True,True,True,False,0.8005720973014832
Davis_ProtBertT5-xl_pebchem10m,False,True,True,True,0.8282378315925598
Davis_ESM2_chemberta,True,False,True,True,0.7881513833999634
Davis_ESM-1B_roberta,True,True,True,True,0.8147685527801514
Davis_ProtBert-BFD_chemberta,True,True,False,True,0.8083825707435608
Davis_ESM2_roberta,True,True,True,False,0.8154474496841431
Davis_ESM3_pebchem10m,True,True,True,False,0.8045192360877991
Davis_ProtBert-BFD_pebchem10m,True,True,False,True,0.8297512531280518
Davis_ESM-1B_pebchem10m,False,True,True,True,0.8271471858024597
Davis_ESM-1B_chemberta,False,True,True,True,0.8354855179786682
Davis_ProtBertT5-xl_chemberta,False,True,True,True,0.804665207862854
Davis_ESM2_pebchem10m,False,True,True,True,0.8145570158958435
Davis_ProtBertT5-xl_pebchem10m,True,False,True,True,0.8143532872200012
Davis_ESM-1B_roberta,True,True,False,False,0.8102304339408875
Davis_ProtBert-BFD_roberta,False,True,True,True,0.8215888142585754
Davis_ProtBert-BFD_chemberta,True,True,True,False,0.7782705426216125
Davis_ESM3_pebchem10m,False,True,True,True,0.788335919380188
Davis_ProtBertT5-xl_roberta,True,True,False,False,0.8034927845001221
Davis_ESM-1B_chemberta,True,False,True,True,0.768261194229126
Davis_ProtBertT5-xl_chemberta,True,False,True,True,0.8119070529937744
Davis_ESM2_roberta,False,True,True,True,0.8126594424247742
Davis_ESM-1B_pebchem10m,True,False,True,True,0.7666931748390198
Davis_ProtBert-BFD_pebchem10m,True,True,True,False,0.8100886940956116
Davis_ESM2_chemberta,True,True,True,True,0.7933545112609863
Davis_ProtBertT5-xl_pebchem10m,True,True,True,True,0.8195566534996033
Davis_ProtBert-BFD_chemberta,False,True,True,True,0.79030841588974
Davis_ESM2_pebchem10m,True,False,True,True,0.789688229560852
Davis_ESM3_pebchem10m,True,False,True,True,0.8098700046539307
Davis_ESM3_roberta,True,True,True,True,0.7981652617454529
Davis_ProtBert-BFD_roberta,True,False,True,True,0.8325010538101196
Davis_ESM-1B_roberta,False,False,True,True,0.7719022631645203
Davis_ProtBertT5-xl_roberta,False,False,True,True,0.8056161999702454
Davis_ESM-1B_chemberta,True,True,True,True,0.8188749551773071
Davis_ESM-1B_pebchem10m,True,True,True,True,0.823724627494812
Davis_ProtBertT5-xl_pebchem10m,True,True,False,False,0.791277289390564
Davis_ESM2_roberta,True,False,True,True,0.8031094670295715
Davis_ESM2_chemberta,True,True,False,False,0.7902808785438538
Davis_ProtBertT5-xl_chemberta,True,True,True,True,0.8300370573997498
Davis_ESM2_pebchem10m,True,True,True,True,0.7861616015434265
Davis_ProtBert-BFD_pebchem10m,False,True,True,True,0.8357582092285156
Davis_ProtBert-BFD_chemberta,True,False,True,True,0.812518835067749
Davis_ProtBert-BFD_roberta,True,True,True,True,0.8156762719154358
Davis_ESM-1B_chemberta,True,True,False,False,0.8146539330482483
Davis_ProtBertT5-xl_pebchem10m,False,False,True,True,0.81337970495224
Davis_ProtBertT5-xl_roberta,True,True,False,True,0.8187175989151001
Davis_ESM3_pebchem10m,True,True,True,True,0.8199818134307861
Davis_ESM-1B_roberta,True,True,False,True,0.813983142375946
Davis_ESM3_roberta,True,True,False,False,0.824958086013794
Davis_ESM-1B_pebchem10m,True,True,False,False,0.8311402797698975
Davis_ESM2_pebchem10m,True,True,False,False,0.7683573365211487
Davis_ESM2_roberta,True,True,True,True,0.7887107729911804
Davis_ESM2_chemberta,False,False,True,True,0.7773059606552124
Davis_ProtBert-BFD_pebchem10m,True,False,True,True,0.834204912185669
Davis_ESM3_roberta,False,False,True,True,0.7923327684402466
Davis_ProtBert-BFD_chemberta,True,True,True,True,0.8163604736328125
Davis_ProtBert-BFD_roberta,True,True,False,False,0.7877846360206604
Davis_ProtBertT5-xl_roberta,True,True,True,False,0.7924331426620483
Davis_ProtBertT5-xl_chemberta,True,True,False,False,0.8127608895301819
Davis_ESM3_pebchem10m,True,True,False,False,0.7856972813606262
Davis_ESM-1B_roberta,True,True,True,False,0.8061350584030151
Davis_ProtBertT5-xl_pebchem10m,True,True,False,True,0.8264439105987549
Davis_ESM-1B_chemberta,False,False,True,True,0.7751643061637878
Davis_ESM-1B_pebchem10m,False,False,True,True,0.7755206823348999
Davis_ESM2_pebchem10m,False,False,True,True,0.7848328948020935
Davis_ESM2_chemberta,True,True,False,True,0.7840254306793213
Davis_ESM2_roberta,True,True,False,False,0.7898035645484924
Davis_ESM3_pebchem10m,False,False,True,True,0.7938883304595947
Davis_ProtBert-BFD_pebchem10m,True,True,True,True,0.81974858045578
Davis_ProtBert-BFD_roberta,False,False,True,True,0.8042008280754089
Davis_ProtBert-BFD_chemberta,True,True,False,False,0.7990706562995911
Davis_ESM-1B_roberta,False,True,True,True,0.803532063961029
Davis_ProtBertT5-xl_roberta,False,True,True,True,0.8213276863098145
Davis_ProtBertT5-xl_chemberta,False,False,True,True,0.8230205178260803
Davis_ESM3_roberta,True,True,False,True,0.8238674402236938
Davis_ProtBertT5-xl_pebchem10m,True,True,True,False,0.7948658466339111
Davis_ESM-1B_chemberta,True,True,False,True,0.8201344013214111
Davis_ProtBert-BFD_roberta,True,True,False,True,0.8159905672073364
Davis_ProtBert-BFD_pebchem10m,True,True,False,False,0.7833105325698853
Davis_ESM2_chemberta,True,True,True,False,0.7855157256126404
Davis_ESM-1B_pebchem10m,True,True,False,True,0.8409086465835571
Davis_ESM3_chemberta,True,True,True,True,0.798892617225647
Davis_ESM3_pebchem10m,True,True,False,True,0.8148911595344543
Davis_ESM2_roberta,False,False,True,True,0.781245768070221
Davis_ESM2_pebchem10m,True,True,False,True,0.7999980449676514
Davis_ProtBert-BFD_chemberta,False,False,True,True,0.8222765922546387
Davis_ProtBertT5-xl_roberta,True,False,True,True,0.8146097660064697
Davis_ProtBertT5-xl_pebchem10m,False,True,True,True,0.8152618408203125
Davis_ESM-1B_roberta,True,False,True,True,0.7774835228919983
Davis_ProtBertT5-xl_chemberta,True,True,False,True,0.8283036351203918
Davis_ESM3_roberta,True,True,True,False,0.8134147524833679
Davis_ESM-1B_chemberta,True,True,True,False,0.8190375566482544
Davis_ProtBert-BFD_pebchem10m,False,False,True,True,0.805864691734314
Davis_ESM2_chemberta,False,True,True,True,0.7832772731781006
Davis_ProtBert-BFD_roberta,True,True,True,False,0.7797672152519226
Davis_ProtBert-BFD_chemberta,True,True,False,True,0.808203935623169
Davis_ESM-1B_pebchem10m,True,True,True,False,0.8273919224739075
Davis_ProtBertT5-xl_pebchem10m,True,False,True,True,0.8110560774803162
Davis_ProtBertT5-xl_roberta,True,True,True,True,0.8355318903923035
Davis_ESM3_pebchem10m,True,True,True,False,0.7954970002174377
Davis_ESM2_pebchem10m,True,True,True,False,0.7777313590049744
Davis_ESM-1B_roberta,True,True,True,True,0.8125156164169312
Davis_ESM2_roberta,True,True,False,True,0.7912304997444153
Davis_ESM3_chemberta,True,True,False,False,0.8239763379096985
Davis_ProtBert-BFD_roberta,False,True,True,True,0.7961066961288452
Davis_ESM3_roberta,False,True,True,True,0.8115608096122742
Davis_ESM2_chemberta,True,False,True,True,0.7672003507614136
Davis_ESM-1B_chemberta,False,True,True,True,0.8102917671203613
Davis_ProtBert-BFD_pebchem10m,True,True,False,True,0.8263706564903259
Davis_ProtBertT5-xl_roberta,True,True,False,False,0.8044708371162415
Davis_ProtBertT5-xl_chemberta,True,True,True,False,0.8159046173095703
Davis_ESM3_pebchem10m,False,True,True,True,0.795891523361206
Davis_ProtBertT5-xl_pebchem10m,True,True,True,True,0.8346872925758362
Davis_ESM2_pebchem10m,False,True,True,True,0.7814550995826721
Davis_ESM-1B_pebchem10m,False,True,True,True,0.8210324645042419
Davis_ProtBert-BFD_chemberta,True,True,True,False,0.7996874451637268
Davis_ESM-1B_roberta,True,True,False,False,0.8278407454490662
Davis_ESM3_chemberta,False,False,True,True,0.8016453385353088
Davis_ESM2_roberta,True,True,True,False,0.7818953990936279
Davis_ESM3_roberta,True,False,True,True,0.805019199848175
Davis_ProtBertT5-xl_roberta,False,False,True,True,0.8214232921600342
Davis_ESM2_chemberta,True,True,True,True,0.7995495200157166
Davis_ProtBert-BFD_pebchem10m,True,True,True,False,0.777977705001831
Davis_ProtBert-BFD_roberta,True,False,True,True,0.8236949443817139
Davis_ProtBertT5-xl_pebchem10m,True,True,False,False,0.8141546845436096
Davis_ESM-1B_chemberta,True,False,True,True,0.7772958278656006
Davis_ProtBert-BFD_chemberta,False,True,True,True,0.8160005211830139
Davis_ProtBertT5-xl_chemberta,False,True,True,True,0.8249186873435974
Davis_ESM2_pebchem10m,True,False,True,True,0.7805963754653931
Davis_ESM3_chemberta,True,True,False,True,0.8129669427871704
Davis_ESM-1B_pebchem10m,True,False,True,True,0.7903839945793152
Davis_ESM2_roberta,False,True,True,True,0.7882023453712463
Davis_ESM3_pebchem10m,True,False,True,True,0.807611882686615
Davis_ESM-1B_roberta,False,False,True,True,0.788317084312439
Davis_ProtBertT5-xl_roberta,True,True,False,True,0.8385136723518372
Davis_ProtBert-BFD_pebchem10m,False,True,True,True,0.8187029957771301
Davis_ProtBert-BFD_roberta,True,True,True,True,0.8097833395004272
Davis_ProtBertT5-xl_pebchem10m,False,False,True,True,0.8314998745918274
Davis_ESM2_chemberta,True,True,False,False,0.8078411221504211
Davis_ESM-1B_chemberta,True,True,True,True,0.8274722695350647
Davis_ESM3_chemberta,True,True,True,False,0.7982028126716614
Davis_ESM-1B_pebchem10m,True,True,True,True,0.8216102719306946
Davis_ESM3_roberta,True,True,True,True,0.8114713430404663
Davis_ProtBertT5-xl_chemberta,True,False,True,True,0.8240277171134949
Davis_ProtBert-BFD_chemberta,True,False,True,True,0.8143580555915833
Davis_ESM2_pebchem10m,True,True,True,True,0.8057359457015991
Davis_ESM3_pebchem10m,True,True,True,True,0.8137091994285583
Davis_ProtBert-BFD_pebchem10m,True,False,True,True,0.7995023727416992
Davis_ESM2_roberta,True,False,True,True,0.7901254892349243
Davis_ESM-1B_chemberta,True,True,False,False,0.8262704014778137
Davis_ProtBertT5-xl_chemberta,True,True,True,True,0.8045875430107117
Davis_ProtBertT5-xl_roberta,True,True,True,False,0.8197522163391113
Davis_ESM-1B_roberta,True,True,False,True,0.8333115577697754
Davis_ESM3_chemberta,False,True,True,True,0.8079546689987183
Davis_ProtBertT5-xl_pebchem10m,True,True,False,True,0.8380349278450012
Davis_ESM-1B_pebchem10m,True,True,False,False,0.8336321115493774
Davis_ProtBert-BFD_roberta,True,True,False,False,0.791154146194458
Davis_ProtBert-BFD_chemberta,True,True,True,True,0.8151463866233826
Davis_ESM2_chemberta,False,False,True,True,0.7922504544258118
Davis_ESM3_roberta,True,True,False,False,0.8031627535820007
Davis_ProtBertT5-xl_pebchem10m,True,True,True,False,0.790518581867218
Davis_ESM3_pebchem10m,True,True,False,False,0.8045895099639893
Davis_ESM3_chemberta,True,False,True,True,0.7815653681755066
Davis_ESM2_pebchem10m,True,True,False,False,0.8106550574302673
Davis_ESM2_roberta,True,True,True,True,0.803392231464386
Davis_ProtBert-BFD_pebchem10m,True,True,True,True,0.8101062178611755
Davis_ESM-1B_roberta,True,True,True,False,0.8162099123001099
Davis_ProtBertT5-xl_roberta,False,True,True,True,0.8326108455657959
Davis_ProtBertT5-xl_chemberta,True,True,False,False,0.7980121970176697
Davis_ProtBert-BFD_roberta,False,False,True,True,0.7959405183792114
Davis_ESM2_chemberta,True,True,False,True,0.7945997714996338
Davis_ProtBert-BFD_chemberta,True,True,False,False,0.7817724347114563
Davis_ESM-1B_chemberta,False,False,True,True,0.782137930393219
Davis_ProtBertT5-xl_pebchem10m,False,True,True,True,0.8113061189651489
Davis_ESM-1B_pebchem10m,False,False,True,True,0.7877045273780823
Davis_ESM3_roberta,False,False,True,True,0.7901811599731445
Davis_ESM3_pebchem10m,False,False,True,True,0.8028189539909363
Davis_ESM3_chemberta,True,True,True,True,0.8002200126647949
Davis_ESM2_pebchem10m,False,False,True,True,0.7842240929603577
Davis_ESM-1B_roberta,False,True,True,True,0.8135709762573242
Davis_ProtBertT5-xl_chemberta,False,False,True,True,0.801751434803009
Davis_ProtBertT5-xl_roberta,True,False,True,True,0.8333898186683655
Davis_ProtBertT5-xl_pebchem10m,True,False,True,True,0.8241080641746521
Davis_ProtBert-BFD_pebchem10m,True,True,False,False,0.7921216487884521
Davis_ESM2_chemberta,True,True,True,False,0.7974197864532471
Davis_ESM2_roberta,True,True,False,False,0.8073153495788574
Davis_ProtBert-BFD_chemberta,False,False,True,True,0.8081022500991821
Davis_ProtBert-BFD_roberta,True,True,False,True,0.8118475675582886
Davis_ESM-1B_chemberta,True,True,False,True,0.8293042182922363
Davis_ESM3_chemberta,True,True,False,False,0.787455677986145
Davis_ESM-1B_pebchem10m,True,True,False,True,0.8281188011169434
Davis_ProtBert-BFD_chemberta,True,True,True,True,0.8245883584022522
Davis_ProtBert-BFD_chemberta,True,True,False,False,0.7951492667198181
Davis_ProtBertT5-xl_pebchem10m,True,True,True,True,0.8313877582550049
Davis_ProtBert-BFD_chemberta,False,False,True,True,0.8145679235458374
Davis_ProtBertT5-xl_pebchem10m,True,True,False,False,0.8097684979438782
Davis_ProtBert-BFD_chemberta,True,True,False,True,0.8294039964675903
Davis_ProtBertT5-xl_pebchem10m,False,False,True,True,0.8299752473831177
Davis_ProtBert-BFD_chemberta,True,True,True,False,0.8045440316200256
Davis_ProtBertT5-xl_chemberta,True,True,True,True,0.8299920558929443
Davis_ProtBertT5-xl_pebchem10m,True,True,False,True,0.8340181112289429
Davis_ProtBert-BFD_chemberta,False,True,True,True,0.810882568359375
Davis_ESM-1B_pebchem10m,True,True,True,True,0.8294708132743835
Davis_ProtBertT5-xl_chemberta,True,True,False,False,0.8112198710441589
Davis_ProtBertT5-xl_pebchem10m,True,True,True,False,0.8150272369384766
Davis_ProtBert-BFD_chemberta,True,False,True,True,0.8127724528312683
Davis_ESM-1B_pebchem10m,True,True,False,False,0.8280983567237854
Davis_ProtBertT5-xl_chemberta,False,False,True,True,0.8236440420150757
Davis_ProtBertT5-xl_pebchem10m,False,True,True,True,0.8252453207969666
Davis_ProtBertT5-xl_chemberta,True,True,False,True,0.8215544819831848
Davis_ProtBert-BFD_chemberta,True,True,True,True,0.8210905194282532
Davis_ProtBertT5-xl_pebchem10m,True,False,True,True,0.8290831446647644
Davis_ESM-1B_pebchem10m,False,False,True,True,0.7799468636512756
Davis_ProtBert-BFD_chemberta,True,True,False,False,0.7712307572364807
Davis_ProtBert-BFD_pebchem10m,True,True,True,True,0.8124566674232483
Davis_ProtBertT5-xl_chemberta,True,True,True,False,0.814551830291748
Davis_ProtBertT5-xl_pebchem10m,True,True,True,True,0.8187416195869446
Davis_ESM-1B_pebchem10m,True,True,False,True,0.827934741973877
Davis_ProtBertT5-xl_pebchem10m,True,True,False,False,0.8043877482414246
Davis_ProtBert-BFD_chemberta,False,False,True,True,0.8163900375366211
Davis_ESM-1B_pebchem10m,True,True,True,False,0.8332595229148865
Davis_ProtBert-BFD_pebchem10m,True,True,False,False,0.806471049785614
Davis_ProtBertT5-xl_chemberta,False,True,True,True,0.83152836561203
Davis_ProtBertT5-xl_pebchem10m,False,False,True,True,0.8148742318153381
Davis_ESM-1B_pebchem10m,False,True,True,True,0.8162559270858765
Davis_ProtBert-BFD_chemberta,True,True,False,True,0.8198660016059875
Davis_ProtBert-BFD_pebchem10m,False,False,True,True,0.8226680755615234
Davis_ProtBertT5-xl_chemberta,True,False,True,True,0.8337286710739136
Davis_ProtBertT5-xl_roberta,True,True,True,True,0.8270469903945923
Davis_ProtBert-BFD_roberta,True,True,True,True,0.8218696713447571
Davis_ProtBertT5-xl_pebchem10m,True,True,False,True,0.8295402526855469
Davis_ESM-1B_pebchem10m,True,False,True,True,0.7834410667419434
Davis_ProtBert-BFD_chemberta,True,True,True,False,0.7869424819946289
Davis_ProtBertT5-xl_chemberta,True,True,True,True,0.8203784823417664
Davis_ProtBert-BFD_roberta,True,True,False,False,0.7919824123382568
Davis_ProtBert-BFD_pebchem10m,True,True,False,True,0.8307605385780334
Davis_ProtBertT5-xl_roberta,True,True,False,False,0.8216712474822998
Davis_ESM-1B_pebchem10m,True,True,True,True,0.8014021515846252
Davis_ProtBert-BFD_chemberta,False,True,True,True,0.7989346385002136
Davis_ProtBertT5-xl_pebchem10m,True,True,True,False,0.8064126372337341
Davis_ESM-1B_roberta,True,True,True,True,0.8396106958389282
Davis_ProtBert-BFD_roberta,False,False,True,True,0.8196165561676025
Davis_ProtBertT5-xl_chemberta,True,True,False,False,0.8079957962036133
Davis_ProtBertT5-xl_roberta,False,False,True,True,0.8270189762115479
Davis_ESM-1B_pebchem10m,True,True,False,False,0.8110486268997192
Davis_ProtBert-BFD_pebchem10m,True,True,True,False,0.8055200576782227
Davis_ProtBert-BFD_chemberta,True,False,True,True,0.8112564086914062
Davis_ProtBertT5-xl_pebchem10m,False,True,True,True,0.8179224133491516
Davis_ESM-1B_roberta,True,True,False,False,0.8399947285652161
Davis_ProtBert-BFD_pebchem10m,False,True,True,True,0.8163440227508545
Davis_ProtBert-BFD_roberta,True,True,False,True,0.8260364532470703
Davis_ProtBertT5-xl_roberta,True,True,False,True,0.8323912024497986
Davis_ProtBertT5-xl_pebchem10m,True,False,True,True,0.8216726779937744
Davis_ProtBert-BFD_chemberta,True,True,True,True,0.8238831758499146
Davis_ESM-1B_pebchem10m,False,False,True,True,0.7688078284263611
Davis_ProtBertT5-xl_chemberta,False,False,True,True,0.8111056089401245
Davis_ProtBert-BFD_pebchem10m,True,False,True,True,0.8193822503089905
Davis_ProtBert-BFD_roberta,True,True,True,False,0.7790054082870483
Davis_ESM-1B_roberta,False,False,True,True,0.7948238253593445
Davis_ProtBertT5-xl_pebchem10m,True,True,True,True,0.8229776620864868
Davis_ProtBert-BFD_chemberta,True,True,False,False,0.7875787615776062
Davis_ProtBertT5-xl_roberta,True,True,True,False,0.8142391443252563
Davis_ProtBertT5-xl_chemberta,True,True,False,True,0.8127543926239014
Davis_ProtBert-BFD_pebchem10m,True,True,True,True,0.7931997179985046
Davis_ESM-1B_roberta,True,True,False,True,0.8317435383796692
Davis_ESM-1B_pebchem10m,True,True,False,True,0.8260660171508789
Davis_ProtBert-BFD_roberta,False,True,True,True,0.8326402902603149
Davis_ProtBertT5-xl_pebchem10m,True,True,False,False,0.8193485140800476
Davis_ProtBertT5-xl_chemberta,True,True,True,False,0.8008549213409424
Davis_ProtBert-BFD_pebchem10m,True,True,False,False,0.7977339029312134
Davis_ProtBertT5-xl_roberta,False,True,True,True,0.8376326560974121
Davis_ProtBert-BFD_chemberta,False,False,True,True,0.8173025250434875
Davis_ESM-1B_pebchem10m,True,True,True,False,0.8161385655403137
Davis_ESM-1B_roberta,True,True,True,False,0.8418382406234741
Davis_ProtBert-BFD_roberta,True,False,True,True,0.8233897686004639
Davis_ProtBertT5-xl_chemberta,False,True,True,True,0.8136261701583862
Davis_ProtBertT5-xl_pebchem10m,False,False,True,True,0.826977014541626
Davis_ProtBertT5-xl_roberta,True,False,True,True,0.8328307867050171
Davis_ProtBert-BFD_pebchem10m,False,False,True,True,0.8126445412635803
Davis_ESM-1B_pebchem10m,False,True,True,True,0.8017950654029846
Davis_ProtBert-BFD_chemberta,True,True,False,True,0.8257606029510498
Davis_ESM-1B_roberta,False,True,True,True,0.8356231451034546
Davis_ProtBertT5-xl_chemberta,True,False,True,True,0.8062983155250549
Davis_ProtBertT5-xl_roberta,True,True,True,True,0.8086260557174683
Davis_ProtBertT5-xl_pebchem10m,True,True,False,True,0.8249247670173645
Davis_ProtBert-BFD_roberta,True,True,True,True,0.8283683061599731
Davis_ProtBert-BFD_pebchem10m,True,True,False,True,0.8215909600257874
Davis_ESM-1B_pebchem10m,True,False,True,True,0.7754452228546143
Davis_ProtBert-BFD_chemberta,True,True,True,False,0.7903708219528198
Davis_ProtBertT5-xl_chemberta,True,True,True,True,0.8168505430221558
Davis_ProtBertT5-xl_roberta,True,True,False,False,0.8001588582992554
Davis_ESM-1B_roberta,True,False,True,True,0.805048406124115
Davis_ProtBert-BFD_roberta,True,True,False,False,0.7953194379806519
Davis_ProtBert-BFD_pebchem10m,True,True,True,False,0.791649341583252
Davis_ProtBertT5-xl_pebchem10m,True,True,True,False,0.8204153776168823
Davis_ProtBert-BFD_chemberta,False,True,True,True,0.8125284314155579
Davis_ProtBertT5-xl_roberta,False,False,True,True,0.8095621466636658
Davis_ProtBert-BFD_pebchem10m,False,True,True,True,0.8071829676628113
Davis_ESM-1B_roberta,True,True,True,True,0.8291316628456116
Davis_ProtBertT5-xl_chemberta,True,True,False,False,0.8171131610870361
Davis_ESM-1B_pebchem10m,True,True,True,True,0.8303746581077576
Davis_ProtBert-BFD_roberta,False,False,True,True,0.8106806874275208
Davis_ProtBertT5-xl_roberta,True,True,False,True,0.807064414024353
Davis_ProtBertT5-xl_pebchem10m,False,True,True,True,0.8261700868606567
Davis_ProtBert-BFD_chemberta,True,False,True,True,0.8288009166717529
Davis_ESM-1B_roberta,True,True,False,False,0.825860857963562
Davis_ProtBert-BFD_roberta,True,True,False,True,0.8013718724250793
Davis_ProtBert-BFD_pebchem10m,True,False,True,True,0.8222563862800598
Davis_ProtBertT5-xl_roberta,True,True,True,False,0.7855215668678284
Davis_ESM-1B_pebchem10m,True,True,False,False,0.8254437446594238
Davis_ProtBertT5-xl_pebchem10m,True,False,True,True,0.8150055408477783
Davis_ProtBertT5-xl_chemberta,False,False,True,True,0.8285449743270874
Davis_ProtBert-BFD_chemberta,True,True,True,True,0.803053081035614
Davis_ProtBertT5-xl_roberta,False,True,True,True,0.8067711591720581
Davis_ProtBertT5-xl_pebchem10m,True,True,True,True,0.8181139826774597
Davis_ProtBert-BFD_roberta,True,True,True,False,0.7937400341033936
Davis_ProtBert-BFD_pebchem10m,True,True,True,True,0.8206523656845093
Davis_ESM-1B_roberta,False,False,True,True,0.7768912315368652
Davis_ESM-1B_pebchem10m,False,False,True,True,0.7770465612411499
Davis_ProtBertT5-xl_chemberta,True,True,False,True,0.8239777088165283
Davis_ProtBertT5-xl_roberta,True,False,True,True,0.8177255392074585
Davis_ProtBert-BFD_roberta,False,True,True,True,0.8079178333282471
Davis_ProtBertT5-xl_pebchem10m,True,True,False,False,0.8006296753883362
Davis_ProtBert-BFD_chemberta,True,True,False,False,0.7938697934150696
Davis_ESM-1B_roberta,True,True,False,True,0.8112635612487793
Davis_ESM-1B_pebchem10m,True,True,False,True,0.8203940987586975
Davis_ProtBert-BFD_pebchem10m,True,True,False,False,0.7931379675865173
Davis_ProtBertT5-xl_chemberta,True,True,True,False,0.8041332960128784
Davis_ProtBert-BFD_roberta,True,False,True,True,0.7992098927497864
Davis_ESM-1B_roberta,True,True,True,False,0.8104543685913086
Davis_ProtBert-BFD_chemberta,False,False,True,True,0.7923531532287598
Davis_ProtBertT5-xl_roberta,True,True,True,True,0.8249422907829285
Davis_ProtBertT5-xl_pebchem10m,False,False,True,True,0.8175232410430908
Davis_ProtBert-BFD_pebchem10m,False,False,True,True,0.8089572787284851
Davis_ESM-1B_pebchem10m,True,True,True,False,0.8186473250389099
Davis_ProtBertT5-xl_chemberta,False,True,True,True,0.8229355216026306
Davis_ProtBert-BFD_roberta,True,True,True,True,0.8205211758613586
Davis_ESM-1B_roberta,False,True,True,True,0.8143516182899475
Davis_ProtBert-BFD_chemberta,True,True,False,True,0.8093870282173157
Davis_ProtBertT5-xl_pebchem10m,True,True,False,True,0.8237649202346802
Davis_ProtBertT5-xl_roberta,True,True,False,False,0.8237894177436829
Davis_ProtBert-BFD_pebchem10m,True,True,False,True,0.8184153437614441
Davis_ESM-1B_pebchem10m,False,True,True,True,0.8197424411773682
Davis_ProtBertT5-xl_chemberta,True,False,True,True,0.829495906829834
Davis_ESM-1B_roberta,True,False,True,True,0.778286337852478
Davis_ProtBert-BFD_roberta,True,True,False,False,0.7952199578285217
Davis_ProtBertT5-xl_pebchem10m,True,True,True,False,0.8015878796577454
Davis_ProtBert-BFD_chemberta,True,True,True,False,0.7927714586257935
Davis_ProtBertT5-xl_chemberta,True,True,True,True,0.8039894700050354
Davis_ProtBert-BFD_pebchem10m,True,True,True,False,0.7916644811630249
Davis_ProtBertT5-xl_roberta,False,False,True,True,0.8323591947555542
Davis_ESM-1B_roberta,True,True,True,True,0.8260248303413391
Davis_ESM-1B_pebchem10m,True,False,True,True,0.796165406703949
Davis_ProtBertT5-xl_pebchem10m,False,True,True,True,0.8223695755004883
Davis_ProtBertT5-xl_chemberta,True,True,False,False,0.784824550151825
Davis_ProtBert-BFD_roberta,False,False,True,True,0.8150338530540466
Davis_ProtBert-BFD_pebchem10m,False,True,True,True,0.8163809776306152
Davis_ProtBert-BFD_chemberta,False,True,True,True,0.8074702024459839
Davis_ProtBertT5-xl_roberta,True,True,False,True,0.8195668458938599
Davis_ESM-1B_roberta,True,True,False,False,0.83086097240448
Davis_ProtBertT5-xl_pebchem10m,True,False,True,True,0.8139715194702148
Davis_ProtBertT5-xl_chemberta,False,False,True,True,0.7980383634567261
Davis_ProtBert-BFD_chemberta,True,False,True,True,0.804284930229187
Davis_ProtBert-BFD_roberta,True,True,False,True,0.8206787705421448
Davis_ESM-1B_pebchem10m,True,True,True,True,0.8330281972885132
Davis_ProtBert-BFD_pebchem10m,True,False,True,True,0.8141026496887207
Davis_ProtBertT5-xl_pebchem10m,True,True,True,True,0.8087074160575867
Davis_ESM-1B_roberta,False,False,True,True,0.7722542881965637
Davis_ProtBertT5-xl_chemberta,True,True,False,True,0.8097140789031982
Davis_ProtBertT5-xl_roberta,True,True,True,False,0.8206523656845093
Davis_ESM-1B_pebchem10m,True,True,False,False,0.8149572610855103
Davis_ProtBert-BFD_pebchem10m,True,True,True,True,0.8060417175292969
Davis_ProtBert-BFD_chemberta,True,True,True,True,0.8084022998809814
Davis_ProtBertT5-xl_chemberta,True,True,True,False,0.7853823304176331
Davis_ProtBert-BFD_roberta,True,True,True,False,0.7971590161323547
Davis_ESM-1B_roberta,True,True,False,True,0.8260552883148193
Davis_ProtBertT5-xl_pebchem10m,True,True,False,False,0.8080847859382629
Davis_ProtBertT5-xl_roberta,False,True,True,True,0.8376967906951904
Davis_ESM-1B_pebchem10m,False,False,True,True,0.766834020614624
Davis_ProtBert-BFD_chemberta,True,True,False,False,0.7816957831382751
Davis_ProtBert-BFD_pebchem10m,True,True,False,False,0.8002932667732239
Davis_ProtBertT5-xl_pebchem10m,False,False,True,True,0.8058270812034607
Davis_ProtBert-BFD_roberta,False,True,True,True,0.8158301115036011
Davis_ProtBertT5-xl_chemberta,False,True,True,True,0.8098064661026001
Davis_ESM-1B_roberta,True,True,True,False,0.8223865628242493
Davis_ESM-1B_pebchem10m,True,True,False,True,0.801815390586853
Davis_ProtBertT5-xl_roberta,True,False,True,True,0.8294399380683899
Davis_ProtBert-BFD_chemberta,False,False,True,True,0.8041779398918152
Davis_ProtBertT5-xl_chemberta,True,False,True,True,0.8185426592826843
Davis_ProtBertT5-xl_pebchem10m,True,True,False,True,0.8212354183197021
Davis_ProtBert-BFD_pebchem10m,False,False,True,True,0.8168199062347412
Davis_ESM-1B_roberta,False,True,True,True,0.8237713575363159
Davis_ProtBert-BFD_roberta,True,False,True,True,0.8215776681900024
Davis_ESM-1B_pebchem10m,True,True,True,False,0.8173902630805969
Davis_ProtBertT5-xl_roberta,True,True,True,True,0.8009699583053589
Davis_ProtBert-BFD_chemberta,True,True,False,True,0.7969715595245361
Davis_ProtBertT5-xl_chemberta,True,True,True,True,0.807601809501648
Davis_ProtBertT5-xl_pebchem10m,True,True,True,False,0.8007351756095886
Davis_ProtBert-BFD_pebchem10m,True,True,False,True,0.8146964311599731
Davis_ProtBert-BFD_roberta,True,True,True,True,0.8121187090873718
Davis_ProtBertT5-xl_roberta,True,True,False,False,0.7936676144599915
Davis_ESM-1B_roberta,True,False,True,True,0.7888972759246826
Davis_ESM-1B_pebchem10m,False,True,True,True,0.828766942024231
Davis_ProtBert-BFD_chemberta,True,True,True,False,0.7885346412658691
Davis_ProtBert-BFD_pebchem10m,True,True,True,False,0.7715588212013245
Davis_ProtBertT5-xl_chemberta,True,True,False,False,0.7934107184410095
Davis_ProtBert-BFD_roberta,True,True,False,False,0.7840027213096619
Davis_ProtBertT5-xl_pebchem10m,False,True,True,True,0.8182568550109863
Davis_ProtBertT5-xl_roberta,False,False,True,True,0.8083032369613647
Davis_ESM-1B_roberta,True,True,True,True,0.8309041261672974
Davis_ESM-1B_pebchem10m,True,False,True,True,0.7625867128372192
Davis_ProtBert-BFD_pebchem10m,False,True,True,True,0.8090112209320068
Davis_ProtBert-BFD_chemberta,False,True,True,True,0.8010536432266235
Davis_ProtBert-BFD_roberta,False,False,True,True,0.7988372445106506
Davis_ProtBertT5-xl_roberta,True,True,False,True,0.8042158484458923
Davis_ProtBertT5-xl_chemberta,False,False,True,True,0.8133113980293274
Davis_ProtBertT5-xl_pebchem10m,True,False,True,True,0.8254134058952332
Davis_ESM-1B_roberta,True,True,False,False,0.8412034511566162
Davis_ProtBertT5-xl_roberta,True,True,True,False,0.7840783596038818
Davis_ProtBert-BFD_roberta,True,True,False,True,0.8083478808403015
Davis_ProtBert-BFD_chemberta,True,False,True,True,0.8007611632347107
Davis_ESM-1B_pebchem10m,True,True,True,True,0.8258162140846252
Davis_ProtBert-BFD_pebchem10m,True,False,True,True,0.815336287021637
Davis_ProtBertT5-xl_pebchem10m,True,True,True,True,0.831514835357666
Davis_ProtBertT5-xl_chemberta,True,True,False,True,0.8198862075805664
Davis_ProtBertT5-xl_roberta,False,True,True,True,0.8093936443328857
Davis_ProtBert-BFD_pebchem10m,True,True,True,True,0.8096196055412292
Davis_ESM-1B_roberta,False,False,True,True,0.7809814214706421
Davis_ESM-1B_pebchem10m,True,True,False,False,0.8201494216918945
Davis_ProtBert-BFD_roberta,True,True,True,False,0.7904587388038635
Davis_ProtBert-BFD_chemberta,True,True,True,True,0.8205356001853943
Davis_ProtBertT5-xl_pebchem10m,True,True,False,False,0.8165997266769409
Davis_ProtBertT5-xl_roberta,True,False,True,True,0.7914518713951111
Davis_ProtBertT5-xl_chemberta,True,True,True,False,0.7955021858215332
Davis_ESM-1B_roberta,True,True,False,True,0.8232038021087646
Davis_ProtBert-BFD_pebchem10m,True,True,False,False,0.7939647436141968
Davis_ProtBert-BFD_roberta,False,True,True,True,0.8137252926826477
Davis_ProtBert-BFD_chemberta,True,True,False,False,0.8039480447769165
Davis_ESM-1B_pebchem10m,False,False,True,True,0.7774696350097656
Davis_ProtBertT5-xl_chemberta,False,True,True,True,0.809535562992096
Davis_ProtBertT5-xl_pebchem10m,False,False,True,True,0.8382773399353027
Davis_ProtBertT5-xl_roberta,True,True,True,True,0.8107695579528809
Davis_ESM-1B_roberta,True,True,True,False,0.8253829479217529
Davis_ProtBert-BFD_roberta,True,False,True,True,0.8065618276596069
Davis_ProtBert-BFD_pebchem10m,False,False,True,True,0.80727618932724
Davis_ProtBert-BFD_chemberta,False,False,True,True,0.8107078671455383
Davis_ProtBertT5-xl_chemberta,True,False,True,True,0.8203868865966797
Davis_ProtBertT5-xl_pebchem10m,True,True,False,True,0.8343732357025146
Davis_ESM-1B_pebchem10m,True,True,False,True,0.8201255798339844
Davis_ProtBertT5-xl_roberta,True,True,False,False,0.807179868221283
Davis_ESM-1B_roberta,False,True,True,True,0.8257056474685669
Davis_ProtBert-BFD_roberta,True,True,True,True,0.808469295501709
Davis_ProtBert-BFD_pebchem10m,True,True,False,True,0.81319260597229
Davis_ProtBert-BFD_chemberta,True,True,False,True,0.8152002096176147
Davis_ProtBertT5-xl_chemberta,True,True,True,True,0.8241456747055054
Davis_ProtBertT5-xl_pebchem10m,True,True,True,False,0.8082872033119202
Davis_ESM-1B_pebchem10m,True,True,True,False,0.8223704099655151
Davis_ProtBert-BFD_pebchem10m,True,True,True,False,0.7763266563415527
Davis_ProtBert-BFD_roberta,True,True,False,False,0.7862722277641296
Davis_ESM-1B_roberta,True,False,True,True,0.778099775314331
Davis_ProtBertT5-xl_roberta,False,False,True,True,0.8164809346199036
Davis_ProtBertT5-xl_chemberta,True,True,False,False,0.8036211729049683
Davis_ProtBertT5-xl_pebchem10m,False,True,True,True,0.8337588906288147
Davis_ProtBert-BFD_chemberta,True,True,True,False,0.8116450905799866
Davis_ProtBert-BFD_pebchem10m,False,True,True,True,0.8008294105529785
Davis_ProtBert-BFD_roberta,False,False,True,True,0.7995641231536865
Davis_ProtBertT5-xl_roberta,True,True,False,True,0.8090977072715759
Davis_ESM-1B_pebchem10m,False,True,True,True,0.8192547559738159
Davis_ProtBertT5-xl_pebchem10m,True,False,True,True,0.827913224697113
Davis_ESM-1B_roberta,True,True,True,True,0.8231632113456726
Davis_ProtBertT5-xl_chemberta,False,False,True,True,0.826193630695343
Davis_ProtBert-BFD_pebchem10m,True,False,True,True,0.797573983669281
Davis_ProtBert-BFD_chemberta,False,True,True,True,0.816505491733551
Davis_ProtBert-BFD_roberta,True,True,False,True,0.8060231804847717
Davis_ESM-1B_pebchem10m,True,False,True,True,0.7628431916236877
Davis_ProtBertT5-xl_roberta,True,True,True,False,0.7909247875213623
Davis_ProtBertT5-xl_pebchem10m,True,True,True,True,0.8273407816886902
Davis_ProtBert-BFD_pebchem10m,True,True,True,True,0.8174759149551392
Davis_ProtBertT5-xl_chemberta,True,True,False,True,0.8286768794059753
Davis_ESM-1B_roberta,True,True,False,False,0.8232986927032471
Davis_ProtBert-BFD_chemberta,True,False,True,True,0.8247376084327698
Davis_ProtBert-BFD_roberta,True,True,True,False,0.781869649887085
Davis_ESM-1B_pebchem10m,True,True,True,True,0.8396602869033813
Davis_ProtBertT5-xl_pebchem10m,True,True,False,False,0.8105811476707458
Davis_ESM-1B_roberta,False,False,True,True,0.7643593549728394
Davis_ProtBertT5-xl_roberta,False,True,True,True,0.826662540435791
Davis_ProtBert-BFD_chemberta,True,True,True,True,0.792140543460846
Davis_ProtBert-BFD_pebchem10m,True,True,False,False,0.8230187892913818
Davis_ProtBertT5-xl_chemberta,True,True,True,False,0.8103786110877991
Davis_ProtBert-BFD_roberta,False,True,True,True,0.8055702447891235
Davis_ProtBertT5-xl_pebchem10m,False,False,True,True,0.8084379434585571
Davis_ESM-1B_pebchem10m,True,True,False,False,0.8329519033432007
Davis_ProtBert-BFD_chemberta,True,True,False,False,0.7638346552848816
Davis_ProtBertT5-xl_roberta,True,False,True,True,0.8156833052635193
Davis_ProtBert-BFD_pebchem10m,False,False,True,True,0.8228410482406616
Davis_ProtBert-BFD_roberta,True,False,True,True,0.8064296841621399
Davis_ESM-1B_roberta,True,True,False,True,0.8274427056312561
Davis_ProtBertT5-xl_chemberta,False,True,True,True,0.8331555724143982
Davis_ProtBert-BFD_chemberta,False,False,True,True,0.7945128679275513
Davis_ProtBertT5-xl_pebchem10m,True,True,False,True,0.8276042938232422
Davis_ProtBertT5-xl_roberta,True,True,True,True,0.8279556035995483
Davis_ESM-1B_pebchem10m,False,False,True,True,0.7957123517990112
Davis_ProtBertT5-xl_pebchem10m,True,True,True,False,0.7883679866790771
Davis_ProtBert-BFD_pebchem10m,True,True,False,True,0.8184229135513306
Davis_ProtBert-BFD_roberta,True,True,True,True,0.829102635383606
Davis_ESM-1B_roberta,True,True,True,False,0.8239932656288147
Davis_ProtBertT5-xl_chemberta,True,False,True,True,0.8293535709381104
Davis_ProtBert-BFD_chemberta,True,True,False,True,0.8164091110229492
Davis_ProtBertT5-xl_pebchem10m,False,True,True,True,0.8251909017562866
Davis_ProtBertT5-xl_roberta,True,True,False,False,0.8194454908370972
Davis_ESM-1B_roberta,False,True,True,True,0.8146111369132996
Davis_ProtBert-BFD_pebchem10m,True,True,True,False,0.806243896484375
Davis_ProtBert-BFD_roberta,True,True,False,False,0.8033409714698792
Davis_ProtBert-BFD_chemberta,True,True,True,False,0.7624882459640503
Davis_ESM-1B_pebchem10m,True,True,False,True,0.8429630398750305
Davis_ProtBertT5-xl_chemberta,True,True,True,True,0.8199740648269653
Davis_ProtBertT5-xl_roberta,False,False,True,True,0.8198820352554321
Davis_ProtBertT5-xl_pebchem10m,True,False,True,True,0.8202301263809204
Davis_ProtBert-BFD_pebchem10m,False,True,True,True,0.8232042789459229
Davis_ESM-1B_roberta,True,False,True,True,0.7702338695526123
Davis_ESM-1B_pebchem10m,True,True,True,False,0.8196994662284851
Davis_ProtBert-BFD_chemberta,False,True,True,True,0.8022760152816772
Davis_ProtBert-BFD_roberta,False,False,True,True,0.8297016024589539
Davis_ProtBertT5-xl_chemberta,True,True,False,False,0.7966452240943909
Davis_ProtBertT5-xl_pebchem10m,True,True,True,True,0.8197946548461914
Davis_ProtBertT5-xl_roberta,True,True,False,True,0.8344358801841736
Davis_ProtBert-BFD_pebchem10m,True,False,True,True,0.827077329158783
Davis_ESM-1B_roberta,True,True,True,True,0.8398003578186035
Davis_ProtBert-BFD_chemberta,True,False,True,True,0.8110252022743225
Davis_ESM-1B_pebchem10m,False,True,True,True,0.8273677229881287
Davis_ProtBert-BFD_roberta,True,True,False,True,0.8271690607070923
Davis_ProtBertT5-xl_chemberta,False,False,True,True,0.817725419998169
Davis_ProtBertT5-xl_roberta,True,True,True,False,0.812456488609314
Davis_ProtBertT5-xl_pebchem10m,True,True,False,False,0.8045867681503296
Davis_ProtBert-BFD_pebchem10m,True,True,True,True,0.8284786343574524
Davis_ESM-1B_roberta,True,True,False,False,0.8467735648155212
Davis_ESM-1B_pebchem10m,True,False,True,True,0.798810601234436
Davis_ProtBert-BFD_chemberta,True,True,True,True,0.8130557537078857
Davis_ProtBertT5-xl_chemberta,True,True,False,True,0.8256350159645081
Davis_ProtBertT5-xl_roberta,False,True,True,True,0.8371953368186951
Davis_ProtBert-BFD_roberta,True,True,True,False,0.8120495080947876
Davis_ProtBertT5-xl_pebchem10m,False,False,True,True,0.8101138472557068
Davis_ProtBert-BFD_pebchem10m,True,True,False,False,0.7859472036361694
Davis_ProtBertT5-xl_chemberta,True,True,True,False,0.781818151473999
Davis_ESM-1B_pebchem10m,True,True,True,True,0.8114678859710693
Davis_ESM-1B_roberta,False,False,True,True,0.7921014428138733
Davis_ProtBert-BFD_roberta,False,True,True,True,0.810848593711853
Davis_ProtBert-BFD_pebchem10m,False,False,True,True,0.8000649213790894
Davis_ProtBert-BFD_chemberta,True,True,False,False,0.7992986440658569
Davis_ProtBertT5-xl_roberta,True,False,True,True,0.8270683884620667
Davis_ProtBertT5-xl_pebchem10m,True,True,False,True,0.8131871223449707
Davis_ProtBertT5-xl_chemberta,False,True,True,True,0.8159672021865845
Davis_ESM-1B_pebchem10m,True,True,False,False,0.8334295749664307
Davis_ESM-1B_roberta,True,True,False,True,0.8358083367347717
Davis_ProtBert-BFD_roberta,True,False,True,True,0.819819986820221
Davis_ProtBertT5-xl_roberta,True,True,True,True,0.8039625287055969
Davis_ProtBert-BFD_pebchem10m,True,True,False,True,0.8089942336082458
Davis_ProtBertT5-xl_pebchem10m,True,True,True,False,0.8067626357078552
Davis_ProtBert-BFD_chemberta,False,False,True,True,0.80697101354599
Davis_ProtBertT5-xl_chemberta,True,False,True,True,0.8275447487831116
Davis_ProtBertT5-xl_roberta,True,True,False,False,0.794594943523407
Davis_ESM-1B_pebchem10m,False,False,True,True,0.7670242786407471
Davis_ProtBert-BFD_pebchem10m,True,True,True,False,0.784733772277832
Davis_ESM-1B_roberta,True,True,True,False,0.8483457565307617
Davis_ProtBert-BFD_roberta,True,True,True,True,0.8128774762153625
Davis_ProtBert-BFD_chemberta,True,True,False,True,0.7998533844947815
Davis_ProtBertT5-xl_pebchem10m,False,True,True,True,0.8171747922897339
Davis_ProtBertT5-xl_roberta,False,False,True,True,0.8078786730766296
Davis_ProtBert-BFD_pebchem10m,False,True,True,True,0.8088694214820862
Davis_ProtBertT5-xl_chemberta,True,True,True,True,0.8126726150512695
Davis_ESM-1B_roberta,False,True,True,True,0.8380289673805237
Davis_ProtBert-BFD_roberta,True,True,False,False,0.7822197675704956
Davis_ESM-1B_pebchem10m,True,True,False,True,0.815753161907196
Davis_ProtBertT5-xl_pebchem10m,True,False,True,True,0.8149885535240173
Davis_ProtBertT5-xl_roberta,True,True,False,True,0.818206250667572
Davis_ESM-1B_pebchem10m,True,True,True,False,0.8043212294578552
Davis_ProtBert-BFD_pebchem10m,True,False,True,True,0.8181610107421875
Davis_ProtBert-BFD_chemberta,True,True,True,False,0.7959646582603455
Davis_ProtBertT5-xl_chemberta,True,True,False,False,0.7990637421607971
Davis_ESM-1B_roberta,True,False,True,True,0.8030090928077698
Davis_ProtBert-BFD_roberta,False,False,True,True,0.8223119974136353
Davis_ProtBertT5-xl_pebchem10m,True,True,True,True,0.840606689453125
Davis_ProtBertT5-xl_roberta,True,True,True,False,0.7984207272529602
Davis_ProtBert-BFD_pebchem10m,True,True,True,True,0.8037661910057068
Davis_ProtBert-BFD_chemberta,False,True,True,True,0.801634669303894
Davis_ProtBert-BFD_roberta,True,True,False,True,0.7985763549804688
Davis_ProtBertT5-xl_chemberta,False,False,True,True,0.8032231330871582
Davis_ESM-1B_pebchem10m,False,True,True,True,0.8274208307266235
Davis_ESM-1B_roberta,True,True,True,True,0.8228787779808044
Davis_ProtBertT5-xl_pebchem10m,True,True,False,False,0.8127108216285706
Davis_ProtBertT5-xl_roberta,False,True,True,True,0.8188072443008423
Davis_ProtBert-BFD_roberta,True,True,True,False,0.7791217565536499
Davis_ProtBert-BFD_pebchem10m,True,True,False,False,0.7931733727455139
Davis_ProtBert-BFD_chemberta,True,False,True,True,0.8079121112823486
Davis_ESM-1B_roberta,True,True,False,False,0.8254528045654297
Davis_ProtBertT5-xl_chemberta,True,True,False,True,0.8141273260116577
Davis_ProtBertT5-xl_roberta,True,False,True,True,0.8200668096542358
Davis_ESM-1B_pebchem10m,True,False,True,True,0.7891396284103394
Davis_ProtBertT5-xl_pebchem10m,False,False,True,True,0.826347827911377
Davis_ProtBert-BFD_pebchem10m,False,False,True,True,0.78788161277771
Davis_ProtBert-BFD_roberta,False,True,True,True,0.8102177977561951
Davis_ProtBert-BFD_chemberta,True,True,True,True,0.8135741949081421
Davis_ProtBertT5-xl_chemberta,True,True,True,False,0.7993015646934509
Davis_ProtBertT5-xl_roberta,True,True,True,True,0.8078123927116394
Davis_ESM-1B_roberta,False,False,True,True,0.7823593616485596
Davis_ESM-1B_pebchem10m,True,True,True,True,0.799332857131958
Davis_ProtBertT5-xl_pebchem10m,True,True,False,True,0.836999237537384
Davis_ProtBert-BFD_roberta,True,False,True,True,0.8148859143257141
Davis_ProtBert-BFD_pebchem10m,True,True,False,True,0.8177955746650696
Davis_ProtBertT5-xl_chemberta,False,True,True,True,0.8003530502319336
Davis_ESM-1B_roberta,True,True,False,True,0.8055449724197388
Davis_ProtBert-BFD_chemberta,True,True,False,False,0.8070858120918274
Davis_ProtBertT5-xl_roberta,True,True,False,False,0.7953075766563416
Davis_ProtBertT5-xl_pebchem10m,True,True,True,False,0.8084325194358826
Davis_ESM-1B_pebchem10m,True,True,False,False,0.8295719027519226
Davis_ProtBertT5-xl_chemberta,True,False,True,True,0.8046786189079285
Davis_ProtBert-BFD_pebchem10m,True,True,True,False,0.791120707988739
Davis_ProtBert-BFD_roberta,True,True,True,True,0.8152560591697693
Davis_ESM-1B_roberta,True,True,True,False,0.820000410079956
Davis_ProtBert-BFD_chemberta,False,False,True,True,0.810966968536377
Davis_ProtBertT5-xl_pebchem10m,False,True,True,True,0.8362446427345276
Davis_ProtBertT5-xl_roberta,False,False,True,True,0.8141749501228333
Davis_ProtBertT5-xl_chemberta,True,True,True,True,0.8246734738349915
Davis_ESM-1B_pebchem10m,False,False,True,True,0.7645142674446106
Davis_ProtBert-BFD_pebchem10m,False,True,True,True,0.8039793372154236
Davis_ESM-1B_roberta,False,True,True,True,0.8150966167449951
Davis_ProtBert-BFD_roberta,True,True,False,False,0.792831301689148
Davis_ProtBertT5-xl_roberta,True,True,False,True,0.804682195186615
Davis_ProtBertT5-xl_pebchem10m,True,False,True,True,0.829176127910614
Davis_ProtBert-BFD_chemberta,True,True,False,True,0.8338157534599304
Davis_ProtBert-BFD_pebchem10m,True,False,True,True,0.8136853575706482
Davis_ProtBertT5-xl_chemberta,True,True,False,False,0.8186004757881165
Davis_ESM-1B_roberta,True,False,True,True,0.799160897731781
Davis_ProtBert-BFD_roberta,False,False,True,True,0.8070254325866699
Davis_ESM-1B_pebchem10m,True,True,False,True,0.825741171836853
Davis_ProtBertT5-xl_pebchem10m,True,True,True,True,0.8507329821586609
Davis_ProtBertT5-xl_roberta,True,True,True,False,0.8035171031951904
Davis_ProtBertT5-xl_chemberta,False,False,True,True,0.8157804608345032
Davis_ProtBert-BFD_chemberta,True,True,True,False,0.8093948364257812
Davis_ProtBert-BFD_pebchem10m,True,True,True,True,0.8249642848968506
Davis_ProtBert-BFD_roberta,True,True,False,True,0.8028423190116882
Davis_ESM-1B_roberta,True,True,True,True,0.829534649848938
Davis_ESM-1B_pebchem10m,True,True,True,False,0.8261473178863525
Davis_ProtBertT5-xl_roberta,False,True,True,True,0.8038397431373596
Davis_ProtBertT5-xl_pebchem10m,True,True,False,False,0.8356457948684692
Davis_ProtBert-BFD_chemberta,False,True,True,True,0.8129198551177979
Davis_ProtBert-BFD_roberta,True,True,True,False,0.7835928201675415
Davis_ProtBert-BFD_pebchem10m,True,True,False,False,0.81041020154953
Davis_ProtBertT5-xl_chemberta,True,True,False,True,0.840971052646637
Davis_ProtBertT5-xl_roberta,True,False,True,True,0.805905282497406
Davis_ESM-1B_roberta,True,True,False,False,0.8312658071517944
Davis_ESM-1B_pebchem10m,False,True,True,True,0.8126128315925598
Davis_ProtBertT5-xl_pebchem10m,False,False,True,True,0.8336028456687927
Davis_ProtBert-BFD_roberta,False,True,True,True,0.8032691478729248
Davis_ProtBert-BFD_pebchem10m,False,False,True,True,0.8082086443901062
Davis_ProtBertT5-xl_roberta,True,True,True,True,0.8306547403335571
Davis_ProtBertT5-xl_pebchem10m,True,True,False,True,0.8399593830108643
Davis_ProtBert-BFD_chemberta,True,False,True,True,0.8243959546089172
Davis_ESM-1B_roberta,False,False,True,True,0.762391984462738
Davis_ProtBertT5-xl_chemberta,True,True,True,False,0.8193946480751038
Davis_ESM-1B_pebchem10m,True,False,True,True,0.7864192724227905
Davis_ProtBert-BFD_roberta,True,False,True,True,0.8033936023712158
Davis_ProtBertT5-xl_pebchem10m,True,True,True,False,0.8167511224746704
Davis_ESM-1B_roberta,True,True,False,True,0.8150864839553833
Davis_ProtBertT5-xl_chemberta,False,True,True,True,0.8282037973403931
Davis_ProtBert-BFD_pebchem10m,True,True,False,True,0.8275659084320068
Davis_ProtBert-BFD_chemberta,True,True,True,True,0.8431714773178101
Davis_ProtBertT5-xl_roberta,True,True,False,False,0.8250873684883118
Davis_ProtBert-BFD_roberta,True,True,True,True,0.8149265646934509
Davis_ESM-1B_pebchem10m,True,True,True,True,0.8244290351867676
Davis_ESM-1B_roberta,True,True,True,False,0.8185815811157227
Davis_ProtBertT5-xl_pebchem10m,False,True,True,True,0.8532314300537109
Davis_ProtBert-BFD_pebchem10m,True,True,True,False,0.8006651401519775
Davis_ProtBertT5-xl_roberta,False,False,True,True,0.8235520124435425
Davis_ProtBert-BFD_chemberta,True,True,False,False,0.8158336281776428
Davis_ProtBertT5-xl_chemberta,True,False,True,True,0.8270227313041687
Davis_ProtBert-BFD_roberta,True,True,False,False,0.803960382938385
Davis_ESM-1B_pebchem10m,True,True,False,False,0.8239076137542725
Davis_ESM-1B_roberta,False,True,True,True,0.8065354228019714
Davis_ProtBertT5-xl_pebchem10m,True,False,True,True,0.8362959027290344
Davis_ProtBert-BFD_pebchem10m,False,True,True,True,0.8193636536598206
Davis_ProtBert-BFD_chemberta,False,False,True,True,0.8303417563438416
Davis_ESM-1B_roberta,True,False,True,True,0.7552944421768188
Davis_ProtBertT5-xl_chemberta,True,True,True,True,0.8412333726882935
Davis_ESM-1B_pebchem10m,False,False,True,True,0.7633821964263916
Davis_ESM-1B_chemberta,True,True,True,True,0.8397710919380188
Davis_ProtBertT5-xl_roberta,True,True,False,True,0.8301910758018494
Davis_ProtBert-BFD_roberta,False,False,True,True,0.8153537511825562
Davis_ESM-1B_roberta,True,True,True,True,0.8136764168739319
Davis_ProtBert-BFD_pebchem10m,True,False,True,True,0.8229725956916809
Davis_ProtBert-BFD_chemberta,True,True,False,True,0.8366300463676453
Davis_ESM-1B_chemberta,True,True,False,False,0.839722752571106
Davis_ProtBertT5-xl_chemberta,True,True,False,False,0.8303916454315186
Davis_ESM-1B_roberta,True,True,False,False,0.8378187417984009
Davis_ProtBert-BFD_pebchem10m,True,True,True,True,0.8387386202812195
Davis_ProtBertT5-xl_roberta,True,True,True,False,0.821323812007904
Davis_ESM-1B_pebchem10m,True,True,False,True,0.8375680446624756
Davis_ProtBert-BFD_roberta,True,True,False,True,0.8288393616676331
Davis_ESM-1B_chemberta,False,False,True,True,0.783444344997406
Davis_ProtBert-BFD_chemberta,True,True,True,False,0.8171796202659607
Davis_ProtBertT5-xl_chemberta,False,False,True,True,0.8382852673530579
Davis_ESM-1B_pebchem10m,True,True,True,False,0.8226214647293091
Davis_ProtBertT5-xl_roberta,False,True,True,True,0.8310961723327637
Davis_ProtBert-BFD_pebchem10m,True,True,False,False,0.8266266584396362
Davis_ESM-1B_roberta,False,False,True,True,0.775926947593689
Davis_ESM-1B_chemberta,True,True,False,True,0.817405641078949
Davis_ProtBert-BFD_roberta,True,True,True,False,0.8133365511894226
Davis_ProtBertT5-xl_chemberta,True,True,False,True,0.8398526310920715
Davis_ProtBert-BFD_chemberta,False,True,True,True,0.8237995505332947
Davis_ProtBert-BFD_pebchem10m,False,False,True,True,0.8193581104278564
Davis_ProtBertT5-xl_roberta,True,False,True,True,0.8240021467208862
Davis_ESM-1B_pebchem10m,False,True,True,True,0.8078823685646057
Davis_ESM-1B_chemberta,True,True,True,False,0.8292134404182434
Davis_ESM-1B_roberta,True,True,False,True,0.8359373211860657
Davis_ProtBert-BFD_chemberta,True,False,True,True,0.830045223236084
Davis_ProtBert-BFD_roberta,False,True,True,True,0.8177822828292847
Davis_ProtBertT5-xl_chemberta,True,True,True,False,0.835308849811554
Davis_ProtBertT5-xl_roberta,True,True,True,True,0.8442882895469666
Davis_ProtBert-BFD_pebchem10m,True,True,False,True,0.85090172290802
Davis_ESM-1B_chemberta,False,True,True,True,0.8311702609062195
Davis_ESM-1B_pebchem10m,True,False,True,True,0.7851733565330505
Davis_ESM-1B_roberta,True,True,True,False,0.8258517980575562
Davis_ProtBertT5-xl_chemberta,False,True,True,True,0.8325996398925781
Davis_ESM-1B_pebchem10m,True,True,True,True,0.8280725479125977
Davis_ProtBert-BFD_roberta,True,False,True,True,0.8272932171821594
Davis_ProtBert-BFD_pebchem10m,True,True,True,False,0.8118718862533569
Davis_ESM-1B_chemberta,True,False,True,True,0.7838504314422607
Davis_ESM-1B_roberta,False,True,True,True,0.8177924752235413
Davis_ProtBertT5-xl_roberta,True,True,False,False,0.8349047303199768
Davis_ProtBertT5-xl_chemberta,True,False,True,True,0.8460111021995544
Davis_ESM-1B_pebchem10m,True,True,False,False,0.8519513607025146
Davis_ProtBert-BFD_roberta,True,True,True,True,0.8450855016708374
Davis_ESM-1B_roberta,True,False,True,True,0.7625455260276794
Davis_ProtBertT5-xl_roberta,False,False,True,True,0.8267937898635864
Davis_ProtBert-BFD_pebchem10m,False,True,True,True,0.848974347114563
Davis_ESM-1B_chemberta,True,True,True,True,0.8188445568084717
Davis_ESM-1B_roberta,True,True,True,True,0.831597626209259
Davis_ProtBertT5-xl_roberta,True,True,False,True,0.8295893669128418
Davis_ESM2_pebchem10m,True,True,True,True,0.8071969747543335
Davis_ProtBert-BFD_roberta,True,True,False,False,0.8074086904525757
Davis_ESM-1B_pebchem10m,False,False,True,True,0.7883872389793396
Davis_ProtBert-BFD_pebchem10m,True,False,True,True,0.8253803253173828
Davis_ESM2_roberta,True,True,True,True,0.8152646422386169
Davis_ESM-1B_roberta,True,True,False,False,0.8440179824829102
Davis_ProtBertT5-xl_roberta,True,True,True,False,0.8185538649559021
Davis_ESM-1B_chemberta,True,True,False,False,0.8245357871055603
Davis_ESM2_pebchem10m,True,True,False,False,0.8124063611030579
Davis_ProtBert-BFD_roberta,False,False,True,True,0.8436321020126343
Davis_ESM-1B_pebchem10m,True,True,False,True,0.8419939279556274
Davis_ESM2_roberta,True,True,False,False,0.8166038990020752
Davis_ESM-1B_roberta,False,False,True,True,0.7876437306404114
Davis_ProtBert-BFD_roberta,True,True,False,True,0.8207222819328308
Davis_ESM-1B_pebchem10m,True,True,True,False,0.8240139484405518
Davis_ProtBertT5-xl_roberta,False,True,True,True,0.853375256061554
Davis_ESM-1B_chemberta,False,False,True,True,0.7786844968795776
Davis_ESM2_pebchem10m,False,False,True,True,0.8084376454353333
Davis_ESM-1B_roberta,True,True,False,True,0.8453593254089355
Davis_ESM2_roberta,False,False,True,True,0.8012655973434448
Davis_ESM-1B_pebchem10m,False,True,True,True,0.8288736343383789
Davis_ProtBertT5-xl_roberta,True,False,True,True,0.834250807762146
Davis_ESM-1B_roberta,True,True,True,False,0.8240408301353455
Davis_ESM2_pebchem10m,True,True,False,True,0.8171671628952026
Davis_ProtBert-BFD_roberta,True,True,True,False,0.8157244920730591
Davis_ESM-1B_chemberta,True,True,False,True,0.8257222175598145
Davis_ESM2_roberta,True,True,False,True,0.8181090354919434
Davis_ESM-1B_pebchem10m,True,False,True,True,0.8008854985237122
Davis_ESM-1B_roberta,False,True,True,True,0.8397346138954163
Davis_ESM2_pebchem10m,True,True,True,False,0.8098593950271606
Davis_ESM-1B_chemberta,True,True,True,False,0.8118772506713867
Davis_ProtBert-BFD_roberta,False,True,True,True,0.8384618759155273
Davis_ESM2_roberta,True,True,True,False,0.7945379018783569
Davis_ESM2_chemberta,True,True,True,True,0.8078318238258362
Davis_ESM-1B_roberta,True,False,True,True,0.7947344779968262
Davis_ESM2_roberta,False,True,True,True,0.8088574409484863
Davis_ProtBert-BFD_roberta,True,False,True,True,0.8401786088943481
Davis_ESM2_pebchem10m,False,True,True,True,0.8196419477462769
Davis_ESM-1B_chemberta,False,True,True,True,0.8098270893096924
Davis_ESM2_chemberta,True,True,False,False,0.8143292665481567
Davis_ESM2_roberta,True,False,True,True,0.7945263385772705
Davis_ESM-1B_chemberta,True,False,True,True,0.7700285911560059
Davis_ESM2_pebchem10m,True,False,True,True,0.8113381862640381
Davis_ESM2_chemberta,False,False,True,True,0.7975929379463196
Davis_ESM3_pebchem10m,True,True,True,True,0.8314200639724731
Davis_ESM2_pebchem10m,True,True,True,True,0.7843698263168335
Davis_ESM2_roberta,True,True,True,True,0.800689697265625
Davis_ESM-1B_chemberta,True,True,True,True,0.8268727660179138
Davis_ESM2_chemberta,True,True,False,True,0.8129093050956726
Davis_ESM3_roberta,True,True,True,True,0.8045730590820312
Davis_ESM3_pebchem10m,True,True,False,False,0.8178929090499878
Davis_ESM-1B_chemberta,True,True,False,False,0.8386012315750122
Davis_ESM3_roberta,True,True,False,False,0.7965887784957886
Davis_ESM2_pebchem10m,True,True,False,False,0.8040145635604858
Davis_ESM2_roberta,True,True,False,False,0.8021568655967712
Davis_ESM3_pebchem10m,False,False,True,True,0.7994621992111206
Davis_ESM2_chemberta,True,True,True,False,0.8191735744476318
Davis_ESM2_pebchem10m,False,False,True,True,0.7540483474731445
Davis_ESM3_roberta,False,False,True,True,0.8000789880752563
Davis_ESM-1B_chemberta,False,False,True,True,0.7880998253822327
Davis_ESM3_pebchem10m,True,True,False,True,0.8109952807426453
Davis_ESM2_roberta,False,False,True,True,0.7805323600769043
Davis_ESM2_chemberta,False,True,True,True,0.8003592491149902
Davis_ESM3_chemberta,True,True,True,True,0.8025182485580444
Davis_ESM3_roberta,True,True,False,True,0.8136155009269714
Davis_ESM2_pebchem10m,True,True,False,True,0.7948705554008484
Davis_ESM2_chemberta,True,False,True,True,0.786138117313385
Davis_ESM2_roberta,True,True,False,True,0.7917806506156921
Davis_ESM-1B_chemberta,True,True,False,True,0.8297745585441589
Davis_ESM3_chemberta,True,True,False,False,0.815177321434021
Davis_ESM3_pebchem10m,True,True,True,False,0.8176906108856201
Davis_ESM3_roberta,True,True,True,False,0.8111052513122559
Davis_ESM2_pebchem10m,True,True,True,False,0.7978623509407043
Davis_ESM2_chemberta,True,True,True,True,0.793492317199707
Davis_ESM3_chemberta,False,False,True,True,0.7971904873847961
Davis_ESM-1B_chemberta,True,True,True,False,0.8250684142112732
Davis_ESM2_roberta,True,True,True,False,0.7920692563056946
Davis_ESM3_pebchem10m,False,True,True,True,0.8221530914306641
Davis_ESM2_pebchem10m,False,True,True,True,0.7902072072029114
Davis_ESM3_roberta,False,True,True,True,0.8248382806777954
Davis_ESM3_chemberta,True,True,False,True,0.8077673316001892
Davis_ESM2_roberta,False,True,True,True,0.7786617279052734
Davis_ESM2_chemberta,True,True,False,False,0.7959724068641663
Davis_ESM3_roberta,True,False,True,True,0.8003572225570679
Davis_ESM3_pebchem10m,True,False,True,True,0.796091616153717
Davis_ESM-1B_chemberta,False,True,True,True,0.8216820359230042
Davis_ESM3_chemberta,True,True,True,False,0.8016744256019592
Davis_ESM3_roberta,True,True,True,True,0.7830070853233337
Davis_ESM2_pebchem10m,True,False,True,True,0.7919226288795471
Davis_ESM3_pebchem10m,True,True,True,True,0.7780849933624268
Davis_ESM2_chemberta,False,False,True,True,0.7561640739440918
Davis_ESM3_chemberta,False,True,True,True,0.7801722288131714
Davis_ESM-1B_chemberta,True,False,True,True,0.7777395844459534
Davis_ESM2_roberta,True,False,True,True,0.7893285155296326
Davis_ESM3_roberta,True,True,False,False,0.7818682789802551
Davis_ESM2_pebchem10m,True,True,True,True,0.8087258338928223
Davis_ESM3_pebchem10m,True,True,False,False,0.7984756231307983
Davis_ESM3_chemberta,True,False,True,True,0.7892116904258728
Davis_ESM-1B_chemberta,True,True,True,True,0.8108440637588501
Davis_ESM2_chemberta,True,True,False,True,0.7963667511940002
Davis_ESM2_roberta,True,True,True,True,0.797966480255127
Davis_ESM3_roberta,False,False,True,True,0.7918732762336731
Davis_ESM3_pebchem10m,False,False,True,True,0.7780967354774475
Davis_ESM2_pebchem10m,True,True,False,False,0.7959221005439758
Davis_ESM3_chemberta,True,True,True,True,0.8010907769203186
Davis_ESM-1B_chemberta,True,True,False,False,0.8268360495567322
Davis_ESM2_chemberta,True,True,True,False,0.7806638479232788
Davis_ESM3_roberta,True,True,False,True,0.8079996109008789
Davis_ESM2_pebchem10m,False,False,True,True,0.7747202515602112
Davis_ESM3_pebchem10m,True,True,False,True,0.8060374855995178
Davis_ESM2_roberta,True,True,False,False,0.8138152956962585
Davis_ESM3_chemberta,True,True,False,False,0.7878621220588684
Davis_ESM2_chemberta,False,True,True,True,0.7705191969871521
Davis_ESM3_roberta,True,True,True,False,0.7869961857795715
Davis_ESM-1B_chemberta,False,False,True,True,0.7786867618560791
Davis_ESM3_pebchem10m,True,True,True,False,0.7857500314712524
Davis_ESM3_roberta,False,True,True,True,0.7915486097335815
Davis_ESM2_pebchem10m,True,True,False,True,0.8069032430648804
Davis_ESM2_roberta,False,False,True,True,0.7913187146186829
Davis_ESM2_chemberta,True,False,True,True,0.7727895975112915
Davis_ESM3_chemberta,False,False,True,True,0.7999925017356873
Davis_ESM-1B_chemberta,True,True,False,True,0.8138765692710876
Davis_ESM3_roberta,True,False,True,True,0.7585539817810059
Davis_ESM3_pebchem10m,False,True,True,True,0.8071067929267883
Davis_ESM2_pebchem10m,True,True,True,False,0.8021529912948608
Davis_ESM3_roberta,True,True,True,True,0.7861776947975159
Davis_ESM2_chemberta,True,True,True,True,0.8093279600143433
Davis_ESM3_pebchem10m,True,False,True,True,0.772905170917511
Davis_ESM2_roberta,True,True,False,True,0.8126178979873657
Davis_ESM-1B_chemberta,True,True,True,False,0.8174099326133728
Davis_ESM3_chemberta,True,True,False,True,0.8070074319839478
Davis_ESM2_chemberta,True,True,False,False,0.7978625893592834
Davis_ESM2_pebchem10m,False,True,True,True,0.8045952320098877
Davis_ESM3_roberta,True,True,False,False,0.8032814264297485
Davis_ESM3_chemberta,True,True,True,False,0.7777122259140015
Davis_ESM-1B_chemberta,False,True,True,True,0.8049600720405579
Davis_ESM2_roberta,True,True,True,False,0.8030962944030762
Davis_ESM3_pebchem10m,True,True,True,True,0.804885745048523
Davis_ESM3_chemberta,False,True,True,True,0.781471312046051
Davis_ESM2_chemberta,False,False,True,True,0.7803103923797607
Davis_ESM-1B_chemberta,True,False,True,True,0.771567165851593
Davis_ESM3_roberta,False,False,True,True,0.8059613704681396
Davis_ESM2_pebchem10m,True,False,True,True,0.7971810102462769
Davis_ESM3_chemberta,True,False,True,True,0.793785572052002
Davis_ESM2_roberta,False,True,True,True,0.8114538192749023
Davis_ESM3_pebchem10m,True,True,False,False,0.8113930225372314
Davis_ESM3_roberta,True,True,False,True,0.806810736656189
Davis_ESM2_chemberta,True,True,False,True,0.8124486804008484
Davis_ESM-1B_chemberta,True,True,True,True,0.8175942897796631
Davis_ESM2_pebchem10m,True,True,True,True,0.7957063913345337
Davis_ESM3_pebchem10m,False,False,True,True,0.7784128189086914
Davis_ESM3_chemberta,True,True,True,True,0.8010950088500977
Davis_ESM2_roberta,True,False,True,True,0.7857365012168884
Davis_ESM3_roberta,True,True,True,False,0.8011441826820374
Davis_ESM2_pebchem10m,True,True,False,False,0.7910934686660767
Davis_ESM-1B_chemberta,True,True,False,False,0.8229119777679443
Davis_ESM3_pebchem10m,True,True,False,True,0.8021902441978455
Davis_ESM2_chemberta,True,True,True,False,0.7965428829193115
Davis_ESM2_roberta,True,True,True,True,0.7874627709388733
Davis_ESM3_chemberta,True,True,False,False,0.8089206218719482
Davis_ESM3_roberta,False,True,True,True,0.8016273975372314
Davis_ESM3_pebchem10m,True,True,True,False,0.7973794341087341
Davis_ESM2_pebchem10m,False,False,True,True,0.7702149152755737
Davis_ESM-1B_chemberta,False,False,True,True,0.7656858563423157
Davis_ESM2_chemberta,False,True,True,True,0.8033434748649597
Davis_ESM3_roberta,True,False,True,True,0.7896609306335449
Davis_ESM3_chemberta,False,False,True,True,0.8021792769432068
Davis_ESM2_roberta,True,True,False,False,0.8022668361663818
Davis_ESM3_pebchem10m,False,True,True,True,0.8008989095687866
Davis_ESM3_roberta,True,True,True,True,0.7628450393676758
Davis_ESM2_pebchem10m,True,True,False,True,0.7993570566177368
Davis_ESM-1B_chemberta,True,True,False,True,0.816543698310852
Davis_ESM2_chemberta,True,False,True,True,0.8018024563789368
Davis_ESM3_chemberta,True,True,False,True,0.8120630979537964
Davis_ESM3_pebchem10m,True,False,True,True,0.8044965267181396
Davis_ESM2_roberta,False,False,True,True,0.7822998762130737
Davis_ESM3_roberta,True,True,False,False,0.7910484671592712
Davis_ESM2_pebchem10m,True,True,True,False,0.7903555631637573
Davis_ESM-1B_chemberta,True,True,True,False,0.8102876543998718
Davis_ESM2_chemberta,True,True,True,True,0.7749191522598267
Davis_ESM3_pebchem10m,True,True,True,True,0.7966793775558472
Davis_ESM2_roberta,True,True,False,True,0.7897951006889343
Davis_ESM2_pebchem10m,False,True,True,True,0.7877243757247925
Davis_ESM2_chemberta,True,True,False,False,0.790585994720459
Davis_ESM3_chemberta,True,True,True,False,0.8123665452003479
Davis_ESM-1B_chemberta,False,True,True,True,0.8143932223320007
Davis_ESM3_roberta,False,False,True,True,0.8099014759063721
Davis_ESM3_pebchem10m,True,True,False,False,0.792777955532074
Davis_ESM2_pebchem10m,True,False,True,True,0.7736650109291077
Davis_ESM2_roberta,True,True,True,False,0.8009218573570251
Davis_ESM3_chemberta,False,True,True,True,0.7981275320053101
Davis_ESM2_chemberta,False,False,True,True,0.773658275604248
Davis_ESM3_roberta,True,True,False,True,0.8103780150413513
Davis_ESM-1B_chemberta,True,False,True,True,0.7693008780479431
Davis_ESM3_pebchem10m,False,False,True,True,0.8077716827392578
Davis_ESM2_roberta,False,True,True,True,0.7832860946655273
Davis_ESM2_chemberta,True,True,False,True,0.7916159629821777
Davis_ESM3_roberta,True,True,True,False,0.7918326258659363
Davis_ESM3_chemberta,True,False,True,True,0.7942963242530823
Davis_ESM2_pebchem10m,True,True,True,True,0.8052428364753723
Davis_ESM-1B_chemberta,True,True,True,True,0.8348394632339478
Davis_ESM3_pebchem10m,True,True,False,True,0.7903081774711609
Davis_ESM3_chemberta,True,True,True,True,0.7729191184043884
Davis_ESM3_roberta,False,True,True,True,0.8002481460571289
Davis_ESM2_roberta,True,False,True,True,0.7922177314758301
Davis_ESM2_chemberta,True,True,True,False,0.7852996587753296
Davis_ESM3_roberta,True,False,True,True,0.6812278032302856
Davis_ESM3_pebchem10m,True,True,True,False,0.7809529304504395
Davis_ESM2_pebchem10m,True,True,False,False,0.792597770690918
Davis_ESM3_chemberta,True,True,False,False,0.7983615398406982
Davis_ESM-1B_chemberta,True,True,False,False,0.8368344306945801
Davis_ESM2_chemberta,False,True,True,True,0.7738364338874817
Davis_ESM3_pebchem10m,False,True,True,True,0.7729710936546326
Davis_ESM2_roberta,True,True,True,True,0.7882922887802124
Davis_ESM3_chemberta,False,False,True,True,0.7586866617202759
Davis_ESM3_roberta,True,True,True,True,0.8097997903823853
Davis_ESM2_pebchem10m,False,False,True,True,0.7710766196250916
Davis_ESM2_chemberta,True,False,True,True,0.7815240025520325
Davis_ESM3_pebchem10m,True,False,True,True,0.7939474582672119
Davis_ESM-1B_chemberta,False,False,True,True,0.7952415347099304
Davis_ESM2_roberta,True,True,False,False,0.7985597848892212
Davis_ESM3_chemberta,True,True,False,True,0.79164057970047
Davis_ESM3_roberta,True,True,False,False,0.7962480783462524
Davis_ESM3_pebchem10m,True,True,True,True,0.7981290817260742
Davis_ESM2_chemberta,True,True,True,True,0.7938463091850281
Davis_ESM3_chemberta,True,True,True,False,0.7865553498268127
Davis_ESM-1B_chemberta,True,True,False,True,0.8274612426757812
Davis_ESM2_pebchem10m,True,True,False,True,0.8045952916145325
Davis_ESM2_roberta,False,False,True,True,0.7839835286140442
Davis_ESM3_roberta,False,False,True,True,0.8090236186981201
Davis_ESM2_roberta,True,True,False,True,0.7870038151741028
Davis_ESM-1B_chemberta,True,True,True,False,0.8369231224060059
Davis_ESM3_pebchem10m,True,True,False,False,0.8025826811790466
Davis_ESM3_chemberta,False,True,True,True,0.8020473718643188
Davis_ESM2_pebchem10m,True,True,True,False,0.790073812007904
Davis_ESM2_chemberta,True,True,False,False,0.8007708787918091
Davis_ESM3_roberta,True,True,False,True,0.8105649948120117
Davis_ESM3_pebchem10m,False,False,True,True,0.7829949259757996
Davis_ESM-1B_chemberta,False,True,True,True,0.8192309737205505
Davis_ESM3_chemberta,True,False,True,True,0.7804439067840576
Davis_ESM2_pebchem10m,False,True,True,True,0.7764073014259338
Davis_ESM2_roberta,True,True,True,False,0.7854796648025513
Davis_ESM2_chemberta,False,False,True,True,0.7489953637123108
Davis_ESM3_roberta,True,True,True,False,0.783225417137146
Davis_ESM2_roberta,False,True,True,True,0.7715040445327759
Davis_ESM3_pebchem10m,True,True,False,True,0.7986747026443481
Davis_ESM2_pebchem10m,True,False,True,True,0.7841584086418152
Davis_ESM3_chemberta,True,True,True,True,0.8024837374687195
Davis_ESM-1B_chemberta,True,False,True,True,0.801088809967041
Davis_ESM3_roberta,False,True,True,True,0.7866663932800293
Davis_ESM2_chemberta,True,True,False,True,0.8039385676383972
Davis_ESM3_pebchem10m,True,True,True,False,0.7936375141143799
Davis_ESM2_roberta,True,False,True,True,0.7870913147926331
Davis_ESM-1B_chemberta,True,True,True,True,0.8081335425376892
Davis_ESM2_pebchem10m,True,True,True,True,0.8091775178909302
Davis_ESM2_chemberta,True,True,True,False,0.775627613067627
Davis_ESM3_chemberta,True,True,False,False,0.8090407252311707
Davis_ESM3_roberta,True,False,True,True,0.8082805871963501
Davis_ESM3_pebchem10m,False,True,True,True,0.8060519695281982
Davis_ESM-1B_chemberta,True,True,False,False,0.8215673565864563
Davis_ESM2_roberta,True,True,True,True,0.8247199654579163
Davis_ESM2_chemberta,False,True,True,True,0.7869254946708679
Davis_ESM2_pebchem10m,True,True,False,False,0.8149740099906921
Davis_ESM3_chemberta,False,False,True,True,0.7890664935112
Davis_ESM3_roberta,True,True,True,True,0.8217175006866455
Davis_ESM2_roberta,True,True,False,False,0.8041902184486389
Davis_ESM3_pebchem10m,True,False,True,True,0.802691638469696
Davis_ESM-1B_chemberta,False,False,True,True,0.775123119354248
Davis_ESM3_chemberta,True,True,False,True,0.8016975522041321
Davis_ESM2_chemberta,True,False,True,True,0.7849129438400269
Davis_ESM2_pebchem10m,False,False,True,True,0.7932629585266113
Davis_ESM3_roberta,True,True,False,False,0.814585268497467
Davis_ESM3_pebchem10m,True,True,True,True,0.7960869669914246
Davis_ESM2_roberta,False,False,True,True,0.7823777198791504
Davis_ESM-1B_chemberta,True,True,False,True,0.81659996509552
Davis_ESM2_pebchem10m,True,True,False,True,0.8091055154800415
Davis_ESM2_chemberta,True,True,True,True,0.8129655718803406
Davis_ESM3_roberta,False,False,True,True,0.8013089299201965
Davis_ESM3_chemberta,True,True,True,False,0.8090547919273376
Davis_ESM2_roberta,True,True,False,True,0.8132227659225464
Davis_ESM-1B_chemberta,True,True,True,False,0.8240258693695068
Davis_ESM3_pebchem10m,True,True,False,False,0.8279393911361694
Davis_ESM3_roberta,True,True,False,True,0.8120479583740234
Davis_ESM3_chemberta,False,True,True,True,0.7893402576446533
Davis_ESM2_chemberta,True,True,False,False,0.8124925494194031
Davis_ESM2_pebchem10m,True,True,True,False,0.8137189149856567
Davis_ESM-1B_chemberta,False,True,True,True,0.8124620914459229
Davis_ESM3_pebchem10m,False,False,True,True,0.8001253604888916
Davis_ESM2_roberta,True,True,True,False,0.8107594847679138
Davis_ESM3_chemberta,True,False,True,True,0.7993106245994568
Davis_ESM3_roberta,True,True,True,False,0.8250908851623535
Davis_ESM3_pebchem10m,True,True,False,True,0.8182011842727661
Davis_ESM-1B_chemberta,True,False,True,True,0.7737621665000916
Davis_ESM2_chemberta,False,False,True,True,0.7990357875823975
Davis_ESM2_pebchem10m,False,True,True,True,0.8116362690925598
Davis_ESM2_roberta,False,True,True,True,0.8122226595878601
Davis_ESM3_pebchem10m,True,True,True,False,0.8056546449661255
Davis_ESM2_chemberta,True,True,False,True,0.8033207654953003
Davis_ESM3_chemberta,True,True,True,True,0.8026686310768127
Davis_ESM3_roberta,False,True,True,True,0.8291712403297424
Davis_ESM2_roberta,True,False,True,True,0.7989305853843689
Davis_ESM2_pebchem10m,True,False,True,True,0.8056737184524536
Davis_ESM-1B_chemberta,True,True,True,True,0.8318604826927185
Davis_ESM3_pebchem10m,False,True,True,True,0.8061589002609253
Davis_ESM3_roberta,True,False,True,True,0.8140653967857361
Davis_ESM2_chemberta,True,True,True,False,0.8109187483787537
Davis_ESM3_pebchem10m,True,False,True,True,0.7825208306312561
Davis_ESM2_pebchem10m,True,True,True,True,0.7925024628639221
Davis_ESM3_chemberta,True,True,False,False,0.8235456347465515
Davis_ESM2_roberta,True,True,True,True,0.7860634326934814
Davis_ESM-1B_chemberta,True,True,False,False,0.8339179754257202
Davis_ESM2_chemberta,False,True,True,True,0.8020359873771667
Davis_ESM3_pebchem10m,True,True,True,True,0.7946821451187134
Davis_ESM-1B_chemberta,False,False,True,True,0.7429136037826538
Davis_ESM2_roberta,True,True,False,False,0.8002273440361023
Davis_ESM3_chemberta,False,False,True,True,0.7995243072509766
Davis_ESM2_pebchem10m,True,True,False,False,0.7917787432670593
Davis_ESM3_roberta,True,True,True,True,0.8206356763839722
Davis_ESM2_chemberta,True,False,True,True,0.7738239765167236
Davis_ESM3_pebchem10m,True,True,False,False,0.8038144111633301
Davis_ESM-1B_chemberta,True,True,False,True,0.8161999583244324
Davis_ESM3_chemberta,True,True,False,True,0.8231073021888733
Davis_ESM2_chemberta,True,True,True,True,0.7876527309417725
Davis_ESM2_roberta,False,False,True,True,0.7809407114982605
Davis_ESM2_pebchem10m,False,False,True,True,0.7823750972747803
Davis_ESM3_roberta,True,True,False,False,0.8021178245544434
Davis_ESM3_pebchem10m,False,False,True,True,0.7830824255943298
Davis_ESM2_chemberta,True,True,False,False,0.7810885906219482
Davis_ESM-1B_chemberta,True,True,True,False,0.8140823245048523
Davis_ESM2_roberta,True,True,False,True,0.7897923588752747
Davis_ESM3_roberta,False,False,True,True,0.7951502799987793
Davis_ESM3_chemberta,True,True,True,False,0.815527081489563
Davis_ESM2_pebchem10m,True,True,False,True,0.8024309277534485
Davis_ESM3_pebchem10m,True,True,False,True,0.8150916695594788
Davis_ESM-1B_chemberta,False,True,True,True,0.8159319162368774
Davis_ESM2_chemberta,False,False,True,True,0.7789689898490906
Davis_ESM2_pebchem10m,True,True,True,False,0.782776951789856
Davis_ESM2_roberta,True,True,True,False,0.7904290556907654
Davis_ESM3_roberta,True,True,False,True,0.8138437271118164
Davis_ESM3_chemberta,False,True,True,True,0.8068493008613586
Davis_ESM3_pebchem10m,True,True,True,False,0.7914752960205078
Davis_ESM2_chemberta,True,True,False,True,0.7915825843811035
Davis_ESM3_chemberta,True,False,True,True,0.7811976671218872
Davis_ESM2_roberta,False,True,True,True,0.7953090071678162
Davis_ESM-1B_chemberta,True,False,True,True,0.7845293879508972
Davis_ESM2_pebchem10m,False,True,True,True,0.7922815084457397
Davis_ESM3_roberta,True,True,True,False,0.7927373051643372
Davis_ESM3_pebchem10m,False,True,True,True,0.7914925813674927
Davis_ESM3_chemberta,True,True,True,True,0.7754284143447876
Davis_ESM2_chemberta,True,True,True,False,0.7873396277427673
Davis_ESM-1B_chemberta,True,True,True,True,0.8206143379211426
Davis_ESM3_roberta,False,True,True,True,0.7938075661659241
Davis_ESM2_roberta,True,False,True,True,0.7865450382232666
Davis_ESM2_pebchem10m,True,False,True,True,0.7812126278877258
Davis_ESM2_chemberta,False,True,True,True,0.7886037230491638
Davis_ESM3_pebchem10m,True,False,True,True,0.8090307712554932
Davis_ESM3_roberta,True,False,True,True,0.809556782245636
Davis_ESM2_pebchem10m,True,True,True,True,0.783562421798706
Davis_ESM2_roberta,True,True,True,True,0.7924144268035889
Davis_ESM3_chemberta,True,True,False,False,0.8093469738960266
Davis_ESM-1B_chemberta,True,True,False,False,0.8415976762771606
Davis_ESM3_pebchem10m,True,True,True,True,0.7928099036216736
Davis_ESM2_chemberta,True,False,True,True,0.7836710810661316
Davis_ESM3_roberta,True,True,True,True,0.7892712950706482
Davis_ESM2_roberta,True,True,False,False,0.7800998091697693
Davis_ESM3_chemberta,False,False,True,True,0.7976422905921936
Davis_ESM-1B_chemberta,False,False,True,True,0.7711984515190125
Davis_ESM2_pebchem10m,True,True,False,False,0.7956517338752747
Davis_ESM2_chemberta,True,True,True,True,0.7738946080207825
Davis_ESM3_roberta,True,True,False,False,0.7974334955215454
Davis_ESM3_pebchem10m,True,True,False,False,0.798962414264679
Davis_ESM2_roberta,False,False,True,True,0.7778713703155518
Davis_ESM2_chemberta,True,True,False,False,0.7816020250320435
Davis_ESM3_chemberta,True,True,False,True,0.8039339184761047
Davis_ESM2_pebchem10m,False,False,True,True,0.782337486743927
Davis_ESM-1B_chemberta,True,True,False,True,0.8412590622901917
Davis_ESM3_roberta,False,False,True,True,0.7947731614112854
Davis_ESM2_roberta,True,True,False,True,0.7821389436721802
Davis_ESM3_pebchem10m,False,False,True,True,0.7927064895629883
Davis_ESM3_chemberta,True,True,True,False,0.767169713973999
Davis_ESM2_chemberta,False,False,True,True,0.7734915018081665
Davis_ESM2_pebchem10m,True,True,False,True,0.7878361344337463
Davis_ESM3_roberta,True,True,False,True,0.8072127103805542
Davis_ESM-1B_chemberta,True,True,True,False,0.8344919085502625
Davis_ESM2_roberta,True,True,True,False,0.7810878753662109
Davis_ESM3_pebchem10m,True,True,False,True,0.8025181293487549
Davis_ESM3_chemberta,False,True,True,True,0.778772234916687
Davis_ESM2_pebchem10m,True,True,True,False,0.7883544564247131
Davis_ESM3_roberta,True,True,True,False,0.788070559501648
Davis_ESM2_chemberta,True,True,False,True,0.7991878390312195
Davis_ESM3_chemberta,True,False,True,True,0.7646547555923462
Davis_ESM2_roberta,False,True,True,True,0.7813612222671509
Davis_ESM-1B_chemberta,False,True,True,True,0.8214529156684875
Davis_ESM3_pebchem10m,True,True,True,False,0.7978017926216125
Davis_ESM3_chemberta,True,True,True,True,0.7856906652450562
Davis_ESM3_pebchem10m,False,True,True,True,0.762271523475647
Davis_ESM3_roberta,False,True,True,True,0.7888004183769226
Davis_ESM2_pebchem10m,False,True,True,True,0.78903728723526
Davis_ESM2_chemberta,True,True,True,False,0.7956234216690063
Davis_ESM2_roberta,True,False,True,True,0.7805965542793274
Davis_ESM-1B_chemberta,True,False,True,True,0.7766906023025513
Davis_ESM3_roberta,True,False,True,True,0.769496738910675
Davis_ESM3_pebchem10m,True,False,True,True,0.7899518609046936
Davis_ESM3_chemberta,True,True,False,False,0.7940945029258728
Davis_ESM2_chemberta,False,True,True,True,0.7732498645782471
Davis_ESM3_roberta,True,True,True,True,0.7947611808776855
Davis_ESM2_pebchem10m,True,False,True,True,0.7903271913528442
Davis_ESM-1B_chemberta,True,True,True,True,0.8448373675346375
Davis_ESM3_pebchem10m,True,True,True,True,0.7971078753471375
Davis_ESM3_chemberta,False,False,True,True,0.7660565376281738
Davis_ESM2_roberta,True,True,True,True,0.795352578163147
Davis_ESM2_pebchem10m,True,True,True,True,0.7930988669395447
Davis_ESM3_roberta,True,True,False,False,0.8121206760406494
Davis_ESM2_chemberta,True,False,True,True,0.780562162399292
Davis_ESM3_chemberta,True,True,False,True,0.7951962351799011
Davis_ESM-1B_chemberta,True,True,False,False,0.848672091960907
Davis_ESM3_pebchem10m,True,True,False,False,0.8165403604507446
Davis_ESM2_roberta,True,True,False,False,0.7990369200706482
Davis_ESM3_roberta,False,False,True,True,0.8031878471374512
Davis_ESM2_chemberta,True,True,True,True,0.7980315089225769
Davis_ESM-1B_chemberta,False,False,True,True,0.7848787307739258
Davis_ESM2_pebchem10m,True,True,False,False,0.797609269618988
Davis_ESM3_chemberta,True,True,True,False,0.7928555607795715
Davis_ESM2_roberta,False,False,True,True,0.7754364013671875
Davis_ESM3_roberta,True,True,False,True,0.7911509871482849
Davis_ESM3_pebchem10m,False,False,True,True,0.8070348501205444
Davis_ESM2_chemberta,True,True,False,False,0.8009735345840454
Davis_ESM3_chemberta,False,True,True,True,0.7879114747047424
Davis_ESM-1B_chemberta,True,True,False,True,0.8415274620056152
Davis_ESM2_pebchem10m,False,False,True,True,0.785067617893219
Davis_ESM2_roberta,True,True,False,True,0.8046786189079285
Davis_ESM3_chemberta,True,False,True,True,0.7891363501548767
Davis_ESM3_roberta,True,True,True,False,0.8104087114334106
Davis_ESM2_chemberta,False,False,True,True,0.7652943730354309
Davis_ESM-1B_chemberta,True,True,True,False,0.8390088081359863
Davis_ESM3_pebchem10m,True,True,False,True,0.8357963562011719
Davis_ESM2_pebchem10m,True,True,False,True,0.8044068813323975
Davis_ESM3_roberta,False,True,True,True,0.8047016263008118
Davis_ESM3_pebchem10m,True,True,True,False,0.7942284345626831
Davis_ESM2_roberta,True,True,True,False,0.7895038723945618
Davis_ESM2_chemberta,True,True,False,True,0.802727997303009
Davis_ESM3_chemberta,True,True,True,True,0.8175783753395081
Davis_ESM3_roberta,True,False,True,True,0.7707453370094299
Davis_ESM-1B_chemberta,False,True,True,True,0.8441904187202454
Davis_ESM2_pebchem10m,True,True,True,False,0.7864669561386108
Davis_ESM2_roberta,False,True,True,True,0.788861095905304
Davis_ESM3_pebchem10m,False,True,True,True,0.8047752976417542
Davis_ESM3_roberta,True,True,True,True,0.8135210871696472
Davis_ESM2_chemberta,True,True,True,False,0.79608553647995
Davis_ESM3_chemberta,True,True,False,False,0.8140428066253662
Davis_ESM-1B_chemberta,True,False,True,True,0.7921019792556763
Davis_ESM3_pebchem10m,True,False,True,True,0.7734922170639038
Davis_ESM2_pebchem10m,False,True,True,True,0.7896724939346313
Davis_ESM2_roberta,True,False,True,True,0.7868663668632507
Davis_ESM3_pebchem10m,True,True,True,True,0.8266347646713257
Davis_ESM2_chemberta,False,True,True,True,0.7999176383018494
Davis_ESM3_roberta,True,True,False,False,0.823379635810852
Davis_ESM3_chemberta,False,False,True,True,0.8125895857810974
Davis_ESM2_pebchem10m,True,False,True,True,0.7804645299911499
Davis_ESM2_roberta,True,True,True,True,0.8239411115646362
Davis_ESM3_roberta,False,False,True,True,0.8174685835838318
Davis_ESM2_chemberta,True,False,True,True,0.788680374622345
Davis_ESM2_pebchem10m,True,True,True,True,0.8112677931785583
Davis_ESM3_pebchem10m,True,True,False,False,0.826252818107605
Davis_ESM3_chemberta,True,True,False,True,0.8245069980621338
Davis_ESM2_chemberta,True,True,True,True,0.8010157942771912
Davis_ESM3_pebchem10m,False,False,True,True,0.802586019039154
Davis_ESM2_pebchem10m,True,True,False,False,0.8074787259101868
Davis_ESM3_roberta,True,True,False,True,0.83262699842453
Davis_ESM2_roberta,True,True,False,False,0.8194099068641663
Davis_ESM3_pebchem10m,True,True,False,True,0.8133584856987
Davis_ESM3_chemberta,True,True,True,False,0.8162755370140076
Davis_ESM2_chemberta,True,True,False,False,0.8112437725067139
Davis_ESM3_roberta,True,True,True,False,0.815322756767273
Davis_ESM2_roberta,False,False,True,True,0.8044199347496033
Davis_ESM2_pebchem10m,False,False,True,True,0.8041465878486633
Davis_ESM3_pebchem10m,True,True,True,False,0.8168044686317444
Davis_ESM3_chemberta,False,True,True,True,0.804443359375
Davis_ESM2_chemberta,False,False,True,True,0.8045482635498047
Davis_ESM2_roberta,True,True,False,True,0.8145225048065186
Davis_ESM2_pebchem10m,True,True,False,True,0.8156720995903015
Davis_ESM3_roberta,False,True,True,True,0.835037887096405
Davis_ESM3_pebchem10m,False,True,True,True,0.822203516960144
Davis_ESM3_chemberta,True,False,True,True,0.8110376596450806
Davis_ESM2_roberta,True,True,True,False,0.807888925075531
Davis_ESM2_chemberta,True,True,False,True,0.8205929398536682
Davis_ESM3_roberta,True,False,True,True,0.8213973641395569
Davis_ESM2_pebchem10m,True,True,True,False,0.8166653513908386
Davis_ESM3_pebchem10m,True,False,True,True,0.8268828988075256
Davis_ESM3_chemberta,True,True,True,True,0.8282755017280579
Davis_ESM2_chemberta,True,True,True,False,0.8016390800476074
Davis_ESM2_roberta,False,True,True,True,0.8211587071418762
Davis_ESM2_pebchem10m,False,True,True,True,0.8127975463867188
Davis_ESM3_chemberta,True,True,False,False,0.8138652443885803
Davis_ESM2_chemberta,False,True,True,True,0.8058835864067078
Davis_ESM2_roberta,True,False,True,True,0.8138689398765564
Davis_ESM2_pebchem10m,True,False,True,True,0.8101344704627991
Davis_ESM3_chemberta,False,False,True,True,0.8113586902618408
Davis_ESM2_chemberta,True,False,True,True,0.8039212822914124
Davis_ESM3_chemberta,True,True,False,True,0.8339245319366455
Davis_ESM3_chemberta,True,True,True,False,0.8152801990509033
Davis_ESM3_chemberta,False,True,True,True,0.8006100058555603
Davis_ESM3_chemberta,True,False,True,True,0.8214027285575867
